Rank,Symbol,Company Name,Sector,Close,Pct Change,Today Volume,15D Avg Volume,Volume Ratio,Days of Data,Date
1,INOXGREEN.NS,Inox Green Energy Services Ltd.,Power,150.4,7.21,69053350,1102581,62.6288,16,2026-03-20
2,FIRSTCRY.NS,Brainbees Solutions Ltd.,Consumer Services,250.87,19.43,70444931,2032314,34.6624,16,2026-03-20
3,SHRIPISTON.NS,Shriram Pistons & Rings Ltd.,Automobile and Auto Components,3125.0,6.18,932879,60950,15.3056,16,2026-03-20
4,GMDCLTD.NS,Gujarat Mineral Development Corporation Ltd.,Metals & Mining,575.7,7.78,32107235,2235011,14.3656,16,2026-03-20
5,TEGA.NS,Tega Industries Ltd.,Capital Goods,1725.0,5.25,1246070,102467,12.1607,16,2026-03-20
6,ESCORTS.NS,Escorts Kubota Ltd.,Capital Goods,3059.4,5.96,830222,93125,8.9151,16,2026-03-20
7,ABFRL.NS,Aditya Birla Fashion and Retail Ltd.,Consumer Services,59.98,5.51,32781127,3757813,8.7235,16,2026-03-20
8,OLECTRA.NS,Olectra Greentech Ltd.,Automobile and Auto Components,1097.4,9.65,9112475,1061155,8.5873,16,2026-03-20
9,BLACKBUCK.NS,Blackbuck Ltd.,Services,615.8,3.23,4260862,536077,7.9482,16,2026-03-20
10,ONESOURCE.NS,Onesource Specialty Pharma Ltd.,Healthcare,1456.4,-0.62,1613767,220357,7.3234,16,2026-03-20
11,WEBELSOLAR.NS,Websol Energy System Ltd.,Capital Goods,74.85,19.99,59798203,8537439,7.0042,16,2026-03-20
12,IXIGO.NS,Le Travenues Technology Ltd.,Consumer Services,173.54,7.93,10272041,1654587,6.2082,16,2026-03-20
13,BAYERCROP.NS,Bayer Cropscience Ltd.,Chemicals,4717.5,5.58,115147,19254,5.9804,16,2026-03-20
14,GODIGIT.NS,Go Digit General Insurance Ltd.,Financial Services,325.75,-0.99,1475032,250974,5.8772,16,2026-03-20
15,AETHER.NS,Aether Industries Ltd.,Chemicals,1155.55,8.14,1469947,273717,5.3703,16,2026-03-20
16,LTM.NS,LTIMindtree Ltd.,Information Technology,4298.8,2.39,1110895,214995,5.1671,16,2026-03-20
17,SUNDRMFAST.NS,Sundram Fasteners Ltd.,Automobile and Auto Components,813.0,-0.26,1429028,292154,4.8914,16,2026-03-20
18,RAYMONDLSL.NS,Raymond Lifestyle Ltd.,Textiles,869.2,8.08,561700,116300,4.8298,16,2026-03-20
19,MAPMYINDIA.NS,C.E. Info Systems Ltd.,Information Technology,915.7,6.05,833767,172841,4.8239,16,2026-03-20
20,TTML.NS,Tata Teleservices (Maharashtra) Ltd.,Telecommunication,36.17,-4.64,10328368,2178603,4.7408,16,2026-03-20
21,WHIRLPOOL.NS,Whirlpool of India Ltd.,Consumer Durables,836.35,3.04,1201228,260206,4.6165,16,2026-03-20
22,AWL.NS,AWL Agri Business Ltd.,Fast Moving Consumer Goods,192.1,8.97,25383780,5511102,4.6059,16,2026-03-20
23,IOB.NS,Indian Overseas Bank,Financial Services,33.72,6.54,28220266,6400727,4.4089,16,2026-03-20
24,MEDANTA.NS,Global Health Ltd.,Healthcare,1005.7,-0.88,462887,110300,4.1966,16,2026-03-20
25,JBMA.NS,JBM Auto Ltd.,Automobile and Auto Components,567.25,3.33,15985739,3832581,4.171,16,2026-03-20
26,CCL.NS,CCL Products (I) Ltd.,Fast Moving Consumer Goods,1087.6,5.15,912155,228910,3.9848,16,2026-03-20
27,HAPPSTMNDS.NS,Happiest Minds Technologies Ltd.,Information Technology,410.85,10.55,32020712,8098644,3.9538,16,2026-03-20
28,SWIGGY.NS,Swiggy Ltd.,Consumer Services,282.8,-0.16,36778157,9338187,3.9385,16,2026-03-20
29,BIOCON.NS,Biocon Ltd.,Healthcare,380.95,3.36,12193711,3136080,3.8882,16,2026-03-20
30,SHAILY.NS,Shaily Engineering Plastics Ltd.,Capital Goods,2399.0,4.57,1878101,524629,3.5799,16,2026-03-20
31,SHRIRAMFIN.NS,Shriram Finance Ltd.,Financial Services,938.6,-1.18,28550627,8075935,3.5353,16,2026-03-20
32,ZEEL.NS,Zee Entertainment Enterprises Ltd.,Media Entertainment & Publication,72.78,-1.57,26483328,7867183,3.3663,16,2026-03-20
33,INOXINDIA.NS,INOX India Ltd.,Capital Goods,1180.7,-0.16,248088,74211,3.343,16,2026-03-20
34,PGHH.NS,Procter & Gamble Hygiene & Health Care Ltd.,Fast Moving Consumer Goods,9707.0,-2.14,51792,15583,3.3236,16,2026-03-20
35,AKZOINDIA.NS,Akzo Nobel India Ltd.,Consumer Durables,2885.1,3.12,140991,42893,3.287,16,2026-03-20
36,ALKEM.NS,Alkem Laboratories Ltd.,Healthcare,5257.5,0.33,325586,99637,3.2677,16,2026-03-20
37,ZFCVINDIA.NS,ZF Commercial Vehicle Control Systems India Ltd.,Automobile and Auto Components,13801.0,3.1,38492,12109,3.1788,16,2026-03-20
38,JKCEMENT.NS,J.K. Cement Ltd.,Construction Materials,5000.0,-0.02,194793,61370,3.1741,16,2026-03-20
39,AUBANK.NS,AU Small Finance Bank Ltd.,Financial Services,901.5,-0.01,11121205,3516355,3.1627,16,2026-03-20
40,TATAPOWER.NS,Tata Power Co. Ltd.,Power,402.4,0.98,25154921,7970295,3.1561,16,2026-03-20
41,ITCHOTELS.NS,ITC Hotels Ltd.,Consumer Services,149.01,-2.42,17577840,5606444,3.1353,16,2026-03-20
42,EMBDL.NS,Embassy Developments Ltd.,Realty,47.79,-4.11,5914889,1922322,3.077,16,2026-03-20
43,TEAMLEASE.NS,Teamlease Services Ltd.,Services,1188.5,1.73,135053,44366,3.0441,16,2026-03-20
44,BELRISE.NS,Belrise Industries Ltd.,Automobile and Auto Components,189.0,6.62,19170728,6451377,2.9716,16,2026-03-20
45,CRISIL.NS,CRISIL Ltd.,Financial Services,4000.4,0.17,119945,40475,2.9634,16,2026-03-20
46,BHARTIHEXA.NS,Bharti Hexacom Ltd.,Telecommunication,1584.1,-0.46,378441,127973,2.9572,16,2026-03-20
47,ITC.NS,ITC Ltd.,Fast Moving Consumer Goods,299.95,0.65,58679529,20445600,2.87,16,2026-03-20
48,SAGILITY.NS,Sagility Ltd.,Information Technology,39.06,4.47,111655168,39918822,2.7971,16,2026-03-20
49,CASTROLIND.NS,Castrol India Ltd.,Oil Gas & Consumable Fuels,182.09,0.31,4664754,1675368,2.7843,16,2026-03-20
50,JPPOWER.NS,Jaiprakash Power Ventures Ltd.,Power,16.36,-2.33,289308782,105381077,2.7454,16,2026-03-20
51,INOXWIND.NS,Inox Wind Ltd.,Capital Goods,81.84,4.83,29339790,10947577,2.68,16,2026-03-20
52,KSL.NS,Kalyani Steels Ltd.,Capital Goods,651.65,1.75,106022,40338,2.6283,16,2026-03-20
53,TATAELXSI.NS,Tata Elxsi Ltd.,Information Technology,4237.7,4.91,826879,319786,2.5857,16,2026-03-20
54,GHCL.NS,GHCL Ltd.,Chemicals,433.45,-1.67,362450,141466,2.5621,16,2026-03-20
55,PIIND.NS,PI Industries Ltd.,Chemicals,2909.5,0.64,519308,206809,2.5111,16,2026-03-20
56,INFY.NS,Infosys Ltd.,Information Technology,1255.9,2.88,27299975,11076037,2.4648,16,2026-03-20
57,CHALET.NS,Chalet Hotels Ltd.,Consumer Services,723.5,-1.3,399501,162760,2.4545,16,2026-03-20
58,METROPOLIS.NS,Metropolis Healthcare Ltd.,Healthcare,441.1,-3.26,486555,201846,2.4105,16,2026-03-20
59,VSTIND.NS,VST Industries Ltd.,Fast Moving Consumer Goods,213.88,-1.98,423732,181069,2.3402,16,2026-03-20
60,NYKAA.NS,FSN E-Commerce Ventures Ltd.,Consumer Services,240.6,0.5,9494678,4098538,2.3166,16,2026-03-20
61,RAMCOCEM.NS,The Ramco Cements Ltd.,Construction Materials,925.2,-2.2,385853,166673,2.315,16,2026-03-20
62,WESTLIFE.NS,Westlife Foodworld Ltd.,Consumer Services,437.55,1.51,220305,95421,2.3088,16,2026-03-20
63,LLOYDSME.NS,Lloyds Metals And Energy Ltd.,Metals & Mining,1245.8,5.1,1463549,635138,2.3043,16,2026-03-20
64,HEROMOTOCO.NS,Hero MotoCorp Ltd.,Automobile and Auto Components,5275.5,1.99,1043098,458770,2.2737,16,2026-03-20
65,NIACL.NS,The New India Assurance Company Ltd.,Financial Services,132.51,1.92,954344,419877,2.2729,16,2026-03-20
66,UBL.NS,United Breweries Ltd.,Fast Moving Consumer Goods,1568.9,-0.02,282618,128271,2.2033,16,2026-03-20
67,KSCL.NS,Kaveri Seed Company Ltd.,Fast Moving Consumer Goods,814.0,6.22,547588,250375,2.1871,16,2026-03-20
68,HINDPETRO.NS,Hindustan Petroleum Corporation Ltd.,Oil Gas & Consumable Fuels,336.3,3.54,24169602,11265621,2.1454,16,2026-03-20
69,PHOENIXLTD.NS,Phoenix Mills Ltd.,Realty,1543.1,-2.06,1012968,472950,2.1418,16,2026-03-20
70,HDFCBANK.NS,HDFC Bank Ltd.,Financial Services,780.45,-2.22,103129469,48298263,2.1353,16,2026-03-20
71,STARCEMENT.NS,Star Cement Ltd.,Construction Materials,216.39,3.02,594496,279400,2.1278,16,2026-03-20
72,HEXT.NS,Hexaware Technologies Ltd.,Information Technology,439.45,4.12,2222981,1045997,2.1252,16,2026-03-20
73,NESCO.NS,NESCO Ltd.,Services,1055.4,1.18,103569,49026,2.1125,16,2026-03-20
74,JSWSTEEL.NS,JSW Steel Ltd.,Metals & Mining,1169.6,3.42,3580084,1697653,2.1088,16,2026-03-20
75,BHEL.NS,Bharat Heavy Electricals Ltd.,Capital Goods,262.05,4.09,19056140,9041939,2.1075,16,2026-03-20
76,DRREDDY.NS,Dr. Reddy's Laboratories Ltd.,Healthcare,1298.9,1.91,3359706,1606609,2.0912,16,2026-03-20
77,ATHERENERG.NS,Ather Energy Ltd.,Automobile and Auto Components,780.6,3.49,4290744,2064665,2.0782,16,2026-03-20
78,THOMASCOOK.NS,Thomas Cook (India) Ltd.,Consumer Services,103.34,4.63,2930280,1430128,2.049,16,2026-03-20
79,BATAINDIA.NS,Bata India Ltd.,Consumer Durables,663.3,2.37,423468,207622,2.0396,16,2026-03-20
80,ELECTCAST.NS,Electrosteel Castings Ltd.,Capital Goods,74.83,4.02,8625900,4270352,2.02,16,2026-03-20
81,AFFLE.NS,Affle 3i Ltd.,Information Technology,1285.7,-1.15,642032,320617,2.0025,16,2026-03-20
82,GILLETTE.NS,Gillette India Ltd.,Fast Moving Consumer Goods,8001.5,0.21,37894,18927,2.0021,16,2026-03-20
83,TECHM.NS,Tech Mahindra Ltd.,Information Technology,1384.8,3.3,3397016,1701409,1.9966,16,2026-03-20
84,PARKHOTELS.NS,Apeejay Surrendra Park Hotels Ltd.,Consumer Services,108.47,0.14,967775,491155,1.9704,16,2026-03-20
85,INDUSINDBK.NS,IndusInd Bank Ltd.,Financial Services,818.6,0.28,7872290,4020066,1.9582,16,2026-03-20
86,MARKSANS.NS,Marksans Pharma Ltd.,Healthcare,170.05,5.35,1145396,585035,1.9578,16,2026-03-20
87,AIAENG.NS,AIA Engineering Ltd.,Capital Goods,3409.6,-4.58,163807,84412,1.9406,16,2026-03-20
88,SUNDARMFIN.NS,Sundaram Finance Ltd.,Financial Services,4678.0,-2.71,165943,86003,1.9295,16,2026-03-20
89,VEDL.NS,Vedanta Ltd.,Metals & Mining,672.2,1.03,25993024,13479531,1.9283,16,2026-03-20
90,NATIONALUM.NS,National Aluminium Co. Ltd.,Metals & Mining,368.5,-2.25,34262576,17886066,1.9156,16,2026-03-20
91,SUDARSCHEM.NS,Sudarshan Chemical Industries Ltd.,Chemicals,812.55,5.51,233884,122202,1.9139,16,2026-03-20
92,MSUMI.NS,Motherson Sumi Wiring India Ltd.,Automobile and Auto Components,36.98,-0.78,11985935,6362296,1.8839,16,2026-03-20
93,SCHAEFFLER.NS,Schaeffler India Ltd.,Automobile and Auto Components,4186.5,5.75,213502,113762,1.8767,16,2026-03-20
94,SJVN.NS,SJVN Ltd.,Power,70.08,1.96,9815044,5231399,1.8762,16,2026-03-20
95,ANANDRATHI.NS,Anand Rathi Wealth Ltd.,Financial Services,3003.4,-0.65,339136,181732,1.8661,16,2026-03-20
96,GPIL.NS,Godawari Power & Ispat Ltd.,Capital Goods,262.65,4.77,3581253,1920729,1.8645,16,2026-03-20
97,INDIANB.NS,Indian Bank,Financial Services,878.65,2.27,3265910,1752689,1.8634,16,2026-03-20
98,GMRAIRPORT.NS,GMR Airports Ltd.,Services,90.56,2.39,24147369,12995617,1.8581,16,2026-03-20
99,VIPIND.NS,V.I.P. Industries Ltd.,Consumer Durables,336.65,4.05,409941,221144,1.8537,16,2026-03-20
100,BAJAJFINSV.NS,Bajaj Finserv Ltd.,Financial Services,1710.3,-0.27,2626283,1416820,1.8536,16,2026-03-20
101,HCLTECH.NS,HCL Technologies Ltd.,Information Technology,1333.7,1.67,5050431,2735042,1.8466,16,2026-03-20
102,ELECON.NS,Elecon Engineering Co. Ltd.,Capital Goods,389.85,1.7,829289,451376,1.8372,16,2026-03-20
103,GRINFRA.NS,G R Infraprojects Ltd.,Construction,859.7,-3.57,141150,77227,1.8277,16,2026-03-20
104,CHOLAHLDNG.NS,Cholamandalam Financial Holdings Ltd.,Financial Services,1407.6,-2.2,430200,235950,1.8233,16,2026-03-20
105,CSBBANK.NS,CSB Bank Ltd.,Financial Services,361.3,-3.78,1388588,764376,1.8166,16,2026-03-20
106,CELLO.NS,Cello World Ltd.,Consumer Durables,423.45,4.94,486036,267563,1.8165,16,2026-03-20
107,RELINFRA.NS,Reliance Infrastructure Ltd.,Power,77.46,2.31,3857061,2139921,1.8024,16,2026-03-20
108,ASHOKLEY.NS,Ashok Leyland Ltd.,Capital Goods,168.89,0.19,38794799,21607961,1.7954,16,2026-03-20
109,TIMETECHNO.NS,Time Technoplast Ltd.,Capital Goods,162.22,3.17,3767483,2122300,1.7752,16,2026-03-20
110,NMDC.NS,NMDC Ltd.,Metals & Mining,79.78,2.36,39390638,22209080,1.7736,16,2026-03-20
111,SBILIFE.NS,SBI Life Insurance Company Ltd.,Financial Services,1896.9,-0.33,1782505,1015310,1.7556,16,2026-03-20
112,ACUTAAS.NS,Acutaas Chemicals Ltd.,Healthcare,2399.8,7.07,658530,376165,1.7506,16,2026-03-20
113,CIEINDIA.NS,CIE Automotive India Ltd.,Automobile and Auto Components,461.15,-1.27,507711,290531,1.7475,16,2026-03-20
114,UPL.NS,UPL Ltd.,Chemicals,625.55,2.25,4640376,2667195,1.7398,16,2026-03-20
115,COROMANDEL.NS,Coromandel International Ltd.,Chemicals,1911.0,-3.18,728762,418871,1.7398,16,2026-03-20
116,SAMMAANCAP.NS,Sammaan Capital Ltd.,Financial Services,137.97,0.82,11983090,6892536,1.7386,16,2026-03-20
117,PCJEWELLER.NS,PC Jeweller Ltd.,Consumer Durables,8.3,-1.07,56588095,32832675,1.7235,16,2026-03-20
118,COALINDIA.NS,Coal India Ltd.,Oil Gas & Consumable Fuels,468.15,3.07,23878653,13954672,1.7112,16,2026-03-20
119,VINATIORGA.NS,Vinati Organics Ltd.,Chemicals,1386.2,-1.44,53182,31092,1.7105,16,2026-03-20
120,TI.NS,Tilaknagar Industries Ltd.,Fast Moving Consumer Goods,434.4,-0.13,1061835,626564,1.6947,16,2026-03-20
121,MRPL.NS,Mangalore Refinery & Petrochemicals Ltd.,Oil Gas & Consumable Fuels,191.19,3.47,46357562,27461405,1.6881,16,2026-03-20
122,MPHASIS.NS,MphasiS Ltd.,Information Technology,2091.1,2.13,863296,513135,1.6824,16,2026-03-20
123,KRBL.NS,KRBL Ltd.,Fast Moving Consumer Goods,287.35,3.01,998821,595313,1.6778,16,2026-03-20
124,BAJFINANCE.NS,Bajaj Finance Ltd.,Financial Services,830.55,-0.2,14881843,8971526,1.6588,16,2026-03-20
125,POWERGRID.NS,Power Grid Corporation of India Ltd.,Power,297.6,0.3,28392470,17208112,1.6499,16,2026-03-20
126,BALAMINES.NS,Balaji Amines Ltd.,Chemicals,1067.1,4.78,141807,86028,1.6484,16,2026-03-20
127,USHAMART.NS,Usha Martin Ltd.,Capital Goods,400.85,0.93,626335,379965,1.6484,16,2026-03-20
128,HINDZINC.NS,Hindustan Zinc Ltd.,Metals & Mining,514.75,1.7,10046753,6096469,1.648,16,2026-03-20
129,MANKIND.NS,Mankind Pharma Ltd.,Healthcare,2000.0,-0.04,1185624,719734,1.6473,16,2026-03-20
130,GPPL.NS,Gujarat Pipavav Port Ltd.,Services,151.67,1.4,1567608,954788,1.6418,16,2026-03-20
131,FEDERALBNK.NS,Federal Bank Ltd.,Financial Services,267.1,0.45,14660431,8965612,1.6352,16,2026-03-20
132,CCAVENUE.NS,AvenuesAI Ltd.,Financial Services,14.2,1.14,15993270,9816290,1.6293,16,2026-03-20
133,ACC.NS,ACC Ltd.,Construction Materials,1381.4,2.11,380815,235336,1.6182,16,2026-03-20
134,ALLCARGO.NS,Allcargo Logistics Ltd.,Services,8.08,0.87,9805377,6080943,1.6125,16,2026-03-20
135,MRF.NS,MRF Ltd.,Automobile and Auto Components,127535.0,-2.31,12604,7825,1.6107,16,2026-03-20
136,APOLLOHOSP.NS,Apollo Hospitals Enterprise Ltd.,Healthcare,7364.5,1.55,696455,432966,1.6086,16,2026-03-20
137,BIKAJI.NS,Bikaji Foods International Ltd.,Fast Moving Consumer Goods,629.7,3.21,207899,129936,1.6,16,2026-03-20
138,HINDCOPPER.NS,Hindustan Copper Ltd.,Metals & Mining,489.45,4.03,17030835,10676443,1.5952,16,2026-03-20
139,GRANULES.NS,Granules India Ltd.,Healthcare,590.95,1.45,1125959,713232,1.5787,16,2026-03-20
140,TATACONSUM.NS,Tata Consumer Products Ltd.,Fast Moving Consumer Goods,1050.2,0.54,2095970,1331017,1.5747,16,2026-03-20
141,NLCINDIA.NS,NLC India Ltd.,Power,266.35,2.98,4195734,2665894,1.5739,16,2026-03-20
142,MUTHOOTFIN.NS,Muthoot Finance Ltd.,Financial Services,3315.9,0.29,1556677,1010216,1.5409,16,2026-03-20
143,SHARDAMOTR.NS,Sharda Motor Industries Ltd.,Automobile and Auto Components,786.35,-0.34,72262,47108,1.534,16,2026-03-20
144,MCX.NS,Multi Commodity Exchange of India Ltd.,Financial Services,2414.5,-4.58,5214539,3409499,1.5294,16,2026-03-20
145,ADANIPOWER.NS,Adani Power Ltd.,Power,151.54,0.35,44265976,28965978,1.5282,16,2026-03-20
146,MSTCLTD.NS,MSTC Ltd.,Services,415.65,1.46,252264,165199,1.527,16,2026-03-20
147,ADANIPORTS.NS,Adani Ports and Special Economic Zone Ltd.,Services,1365.4,0.69,4213342,2772123,1.5199,16,2026-03-20
148,POONAWALLA.NS,Poonawalla Fincorp Ltd.,Financial Services,393.6,-1.66,2014796,1328742,1.5163,16,2026-03-20
149,INDUSTOWER.NS,Indus Towers Ltd.,Telecommunication,434.55,1.85,5436700,3586010,1.5161,16,2026-03-20
150,IREDA.NS,Indian Renewable Energy Development Agency Ltd.,Financial Services,116.37,-0.18,12638739,8390647,1.5063,16,2026-03-20
151,NTPC.NS,NTPC Ltd.,Power,380.95,1.84,20930288,14025334,1.4923,16,2026-03-20
152,JISLJALEQS.NS,Jain Irrigation Systems Ltd.,Capital Goods,30.17,-0.85,7508754,5049715,1.487,16,2026-03-20
153,HINDALCO.NS,Hindalco Industries Ltd.,Metals & Mining,874.25,-2.54,10063637,6803660,1.4792,16,2026-03-20
154,ACI.NS,Archean Chemical Industries Ltd.,Chemicals,601.25,4.66,237171,160383,1.4788,16,2026-03-20
155,GICRE.NS,General Insurance Corporation of India,Financial Services,372.15,3.13,429312,292341,1.4685,16,2026-03-20
156,BANKINDIA.NS,Bank of India,Financial Services,150.49,3.24,12913188,8837581,1.4612,16,2026-03-20
157,POWERINDIA.NS,Hitachi Energy India Ltd.,Capital Goods,25025.0,1.52,180060,123273,1.4607,16,2026-03-20
158,SYRMA.NS,Syrma SGS Technology Ltd.,Capital Goods,783.9,3.43,1772628,1221578,1.4511,16,2026-03-20
159,JINDALSTEL.NS,Jindal Steel Ltd.,Metals & Mining,1186.5,4.25,1998983,1377709,1.4509,16,2026-03-20
160,WIPRO.NS,Wipro Ltd.,Information Technology,190.9,1.32,24395304,16815226,1.4508,16,2026-03-20
161,GLAND.NS,Gland Pharma Ltd.,Healthcare,1627.1,1.9,138158,95516,1.4464,16,2026-03-20
162,RPOWER.NS,Reliance Power Ltd.,Power,22.62,3.76,73413252,50767947,1.4461,16,2026-03-20
163,PNBHOUSING.NS,PNB Housing Finance Ltd.,Financial Services,791.9,0.49,1237594,858176,1.4421,16,2026-03-20
164,NAZARA.NS,Nazara Technologies Ltd.,Media Entertainment & Publication,235.35,-2.89,2453644,1709839,1.435,16,2026-03-20
165,SBICARD.NS,SBI Cards and Payment Services Ltd.,Financial Services,688.75,-0.79,2019181,1422610,1.4193,16,2026-03-20
166,PFC.NS,Power Finance Corporation Ltd.,Financial Services,409.6,0.24,12199222,8597983,1.4188,16,2026-03-20
167,HSCL.NS,Himadri Speciality Chemical Ltd.,Chemicals,451.4,-0.25,2332864,1649925,1.4139,16,2026-03-20
168,BOSCHLTD.NS,Bosch Ltd.,Automobile and Auto Components,30390.0,0.85,30424,21587,1.4094,16,2026-03-20
169,LALPATHLAB.NS,Dr. Lal Path Labs Ltd.,Healthcare,1308.2,-1.3,435450,308952,1.4094,16,2026-03-20
170,BAJAJHFL.NS,Bajaj Housing Finance Ltd.,Financial Services,81.45,-0.37,7699946,5470995,1.4074,16,2026-03-20
171,IOC.NS,Indian Oil Corporation Ltd.,Oil Gas & Consumable Fuels,144.6,1.31,34636614,24857322,1.3934,16,2026-03-20
172,GRASIM.NS,Grasim Industries Ltd.,Construction Materials,2616.3,0.32,1510096,1090174,1.3852,16,2026-03-20
173,IKS.NS,Inventurus Knowledge Solutions Ltd.,Information Technology,1332.8,-0.34,381923,275918,1.3842,16,2026-03-20
174,CHOICEIN.NS,Choice International Ltd.,Financial Services,614.9,0.07,806007,582959,1.3826,16,2026-03-20
175,ERIS.NS,Eris Lifesciences Ltd.,Healthcare,1284.9,-0.1,84320,61163,1.3786,16,2026-03-20
176,MAHABANK.NS,Bank of Maharashtra,Financial Services,65.49,4.55,32971130,24002610,1.3736,16,2026-03-20
177,EQUITASBNK.NS,Equitas Small Finance Bank Ltd.,Financial Services,57.01,1.53,4274049,3123376,1.3684,16,2026-03-20
178,SUMICHEM.NS,Sumitomo Chemical India Ltd.,Chemicals,387.0,1.23,346351,253969,1.3638,16,2026-03-20
179,ADANIENSOL.NS,Adani Energy Solutions Ltd.,Power,1009.9,0.46,1871563,1374693,1.3614,16,2026-03-20
180,OFSS.NS,Oracle Financial Services Software Ltd.,Information Technology,6580.0,3.32,200334,147869,1.3548,16,2026-03-20
181,GATEWAY.NS,Gateway Distriparks Ltd.,Services,51.07,-1.22,1102744,817870,1.3483,16,2026-03-20
182,MGL.NS,Mahanagar Gas Ltd.,Oil Gas & Consumable Fuels,967.1,-3.29,771478,575340,1.3409,16,2026-03-20
183,JKIL.NS,J.Kumar Infraprojects Ltd.,Construction,488.3,-1.18,239662,178907,1.3396,16,2026-03-20
184,PETRONET.NS,Petronet LNG Ltd.,Oil Gas & Consumable Fuels,257.65,-4.87,10174024,7618006,1.3355,16,2026-03-20
185,LODHA.NS,Lodha Developers Ltd.,Realty,796.9,-2.57,2237596,1678932,1.3327,16,2026-03-20
186,DELHIVERY.NS,Delhivery Ltd.,Services,422.85,2.29,2156599,1622342,1.3293,16,2026-03-20
187,TRIVENI.NS,Triveni Engineering & Industries Ltd.,Fast Moving Consumer Goods,359.8,4.97,677475,510149,1.328,16,2026-03-20
188,BSE.NS,BSE Ltd.,Financial Services,2806.1,-3.07,5795250,4371427,1.3257,16,2026-03-20
189,MFSL.NS,Max Financial Services Ltd.,Financial Services,1639.3,0.7,1037290,786279,1.3192,16,2026-03-20
190,GAIL.NS,GAIL (India) Ltd.,Oil Gas & Consumable Fuels,142.87,-0.97,21738634,16486573,1.3186,16,2026-03-20
191,SAIL.NS,Steel Authority of India Ltd.,Metals & Mining,155.52,1.95,25811397,19578351,1.3184,16,2026-03-20
192,TATASTEEL.NS,Tata Steel Ltd.,Metals & Mining,196.77,3.29,46881257,35626409,1.3159,16,2026-03-20
193,IFBIND.NS,IFB Industries Ltd.,Consumer Durables,977.9,-0.8,87514,66863,1.3089,16,2026-03-20
194,KARURVYSYA.NS,Karur Vysya Bank Ltd.,Financial Services,263.9,-2.91,3584979,2743637,1.3067,16,2026-03-20
195,BRITANNIA.NS,Britannia Industries Ltd.,Fast Moving Consumer Goods,5618.5,-0.97,462806,356292,1.299,16,2026-03-20
196,TARC.NS,TARC Ltd.,Realty,123.09,-0.02,767158,591845,1.2962,16,2026-03-20
197,PIDILITIND.NS,Pidilite Industries Ltd.,Chemicals,1341.3,2.48,898444,696764,1.2895,16,2026-03-20
198,JYOTHYLAB.NS,Jyothy Labs Ltd.,Fast Moving Consumer Goods,208.55,0.22,703408,546416,1.2873,16,2026-03-20
199,RECLTD.NS,REC Ltd.,Financial Services,330.5,0.09,10305459,8010386,1.2865,16,2026-03-20
200,GLAXO.NS,Glaxosmithkline Pharmaceuticals Ltd.,Healthcare,2384.8,0.34,58866,45945,1.2812,16,2026-03-20
201,TITAN.NS,Titan Company Ltd.,Consumer Durables,4106.6,1.7,1019586,796840,1.2795,16,2026-03-20
202,IDEA.NS,Vodafone Idea Ltd.,Telecommunication,9.34,4.47,612165493,480218588,1.2748,16,2026-03-20
203,SOUTHBANK.NS,South Indian Bank Ltd.,Financial Services,36.01,0.14,19063663,14981103,1.2725,16,2026-03-20
204,AARTIIND.NS,Aarti Industries Ltd.,Chemicals,427.35,3.76,1189269,935753,1.2709,16,2026-03-20
205,PPLPHARMA.NS,Piramal Pharma Ltd.,Healthcare,138.35,1.94,3742561,2966817,1.2615,16,2026-03-20
206,RKFORGE.NS,Ramkrishna Forgings Ltd.,Automobile and Auto Components,499.6,-3.45,360093,285525,1.2612,16,2026-03-20
207,ARE&M.NS,Amara Raja Energy & Mobility Ltd.,Automobile and Auto Components,759.15,-1.3,394762,314083,1.2569,16,2026-03-20
208,OSWALPUMPS.NS,Oswal Pumps Ltd.,Capital Goods,314.5,3.23,1262230,1005512,1.2553,16,2026-03-20
209,MAXESTATES.NS,Max Estates Ltd.,Realty,368.9,-1.56,99592,79510,1.2526,16,2026-03-20
210,HINDUNILVR.NS,Hindustan Unilever Ltd.,Fast Moving Consumer Goods,2082.7,0.26,2429744,1940055,1.2524,16,2026-03-20
211,DCMSHRIRAM.NS,DCM Shriram Ltd.,Diversified,1041.0,-0.61,97611,78073,1.2503,16,2026-03-20
212,JBCHEPHARM.NS,J.B. Chemicals & Pharmaceuticals Ltd.,Healthcare,2138.6,2.58,467550,374412,1.2488,16,2026-03-20
213,CANBK.NS,Canara Bank,Financial Services,136.44,2.65,30539089,24488934,1.2471,16,2026-03-20
214,PATELENG.NS,Patel Engineering Ltd.,Construction,24.92,1.05,6552036,5264446,1.2446,16,2026-03-20
215,TCS.NS,Tata Consultancy Services Ltd.,Information Technology,2390.6,1.47,4206320,3392344,1.2399,16,2026-03-20
216,IIFL.NS,IIFL Finance Ltd.,Financial Services,473.0,1.22,1284553,1039075,1.2362,16,2026-03-20
217,SWANCORP.NS,Swan Corp Ltd.,Chemicals,318.6,-1.94,1329225,1079079,1.2318,16,2026-03-20
218,ANANTRAJ.NS,Anant Raj Ltd.,Realty,465.85,4.03,2239014,1825774,1.2263,16,2026-03-20
219,NEULANDLAB.NS,Neuland Laboratories Ltd.,Healthcare,11995.0,-0.88,37456,30766,1.2174,16,2026-03-20
220,HYUNDAI.NS,Hyundai Motor India Ltd.,Automobile and Auto Components,1951.0,-0.03,678486,558699,1.2144,16,2026-03-20
221,STARHEALTH.NS,Star Health and Allied Insurance Company Ltd.,Financial Services,452.0,-0.14,477160,393358,1.213,16,2026-03-20
222,EPIGRAL.NS,Epigral Ltd.,Chemicals,845.7,-0.34,108806,90317,1.2047,16,2026-03-20
223,BPCL.NS,Bharat Petroleum Corporation Ltd.,Oil Gas & Consumable Fuels,287.8,0.63,16601274,13872827,1.1967,16,2026-03-20
224,CHENNPETRO.NS,Chennai Petroleum Corporation Ltd.,Oil Gas & Consumable Fuels,1064.75,4.36,4575897,3827928,1.1954,16,2026-03-20
225,PVRINOX.NS,PVR INOX Ltd.,Media Entertainment & Publication,986.0,-1.14,446230,373282,1.1954,16,2026-03-20
226,JSWENERGY.NS,JSW Energy Ltd.,Power,507.05,0.23,4377294,3693984,1.185,16,2026-03-20
227,SUNPHARMA.NS,Sun Pharmaceutical Industries Ltd.,Healthcare,1777.1,1.87,3591446,3031677,1.1846,16,2026-03-20
228,SOBHA.NS,Sobha Ltd.,Realty,1267.2,-0.25,148250,125296,1.1832,16,2026-03-20
229,WELSPUNLIV.NS,Welspun Living Ltd.,Textiles,114.57,1.23,2114433,1789085,1.1819,16,2026-03-20
230,MAXHEALTH.NS,Max Healthcare Institute Ltd.,Healthcare,964.8,1.23,3883207,3292247,1.1795,16,2026-03-20
231,SRF.NS,SRF Ltd.,Chemicals,2454.5,-0.98,676836,574860,1.1774,16,2026-03-20
232,TATATECH.NS,Tata Technologies Ltd.,Information Technology,539.65,3.28,1210072,1027749,1.1774,16,2026-03-20
233,CUMMINSIND.NS,Cummins India Ltd.,Capital Goods,4615.3,2.43,878443,746184,1.1772,16,2026-03-20
234,TMPV.NS,Tata Motors Passenger Vehicles Ltd.,Automobile and Auto Components,314.1,1.55,13905760,11830634,1.1754,16,2026-03-20
235,NSLNISP.NS,NMDC Steel Ltd.,Metals & Mining,36.7,1.83,4172072,3564333,1.1705,16,2026-03-20
236,ALKYLAMINE.NS,Alkyl Amines Chemicals Ltd.,Chemicals,1292.0,0.53,67638,57949,1.1672,16,2026-03-20
237,TDPOWERSYS.NS,TD Power Systems Ltd.,Capital Goods,863.25,3.57,908057,781166,1.1624,16,2026-03-20
238,OBEROIRLTY.NS,Oberoi Realty Ltd.,Realty,1445.8,0.0,758939,653159,1.162,16,2026-03-20
239,DABUR.NS,Dabur India Ltd.,Fast Moving Consumer Goods,430.7,0.12,1933160,1670118,1.1575,16,2026-03-20
240,BLUEJET.NS,Blue Jet Healthcare Ltd.,Healthcare,357.95,-2.07,656904,568554,1.1554,16,2026-03-20
241,VAIBHAVGBL.NS,Vaibhav Global Ltd.,Consumer Durables,204.73,0.84,418996,362689,1.1552,16,2026-03-20
242,FSL.NS,Firstsource Solutions Ltd.,Services,216.97,-1.48,2037091,1764100,1.1547,16,2026-03-20
243,BANDHANBNK.NS,Bandhan Bank Ltd.,Financial Services,158.44,0.24,14307044,12392502,1.1545,16,2026-03-20
244,NESTLEIND.NS,Nestle India Ltd.,Fast Moving Consumer Goods,1193.6,0.62,1395157,1209718,1.1533,16,2026-03-20
245,THYROCARE.NS,Thyrocare Technologies Ltd.,Healthcare,351.35,-2.08,414102,359203,1.1528,16,2026-03-20
246,MARUTI.NS,Maruti Suzuki India Ltd.,Automobile and Auto Components,12601.0,0.02,725481,631296,1.1492,16,2026-03-20
247,FDC.NS,FDC Ltd.,Healthcare,332.85,-1.64,110869,96705,1.1465,16,2026-03-20
248,LUPIN.NS,Lupin Ltd.,Healthcare,2322.5,3.15,1089433,950286,1.1464,16,2026-03-20
249,RELIANCE.NS,Reliance Industries Ltd.,Oil Gas & Consumable Fuels,1414.4,2.14,22994918,20073799,1.1455,16,2026-03-20
250,CANFINHOME.NS,Can Fin Homes Ltd.,Financial Services,820.3,-0.83,199359,174174,1.1446,16,2026-03-20
251,APLLTD.NS,Alembic Pharmaceuticals Ltd.,Healthcare,677.3,3.33,70386,61638,1.1419,16,2026-03-20
252,M&M.NS,Mahindra & Mahindra Ltd.,Automobile and Auto Components,3066.1,0.68,4471960,3917271,1.1416,16,2026-03-20
253,NBCC.NS,NBCC (India) Ltd.,Construction,83.91,0.93,13414557,11751098,1.1416,16,2026-03-20
254,NETWORK18.NS,Network18 Media & Investments Ltd.,Media Entertainment & Publication,30.91,2.01,4762061,4184061,1.1381,16,2026-03-20
255,GODREJAGRO.NS,Godrej Agrovet Ltd.,Fast Moving Consumer Goods,588.5,2.54,179733,158250,1.1358,16,2026-03-20
256,APTUS.NS,Aptus Value Housing Finance India Ltd.,Financial Services,208.83,-0.48,1727841,1524712,1.1332,16,2026-03-20
257,DEEPAKNTR.NS,Deepak Nitrite Ltd.,Chemicals,1390.3,0.5,137812,122091,1.1288,16,2026-03-20
258,UCOBANK.NS,UCO Bank,Financial Services,24.86,0.12,9234483,8185918,1.1281,16,2026-03-20
259,UNIONBANK.NS,Union Bank of India,Financial Services,177.63,3.18,18846899,16718299,1.1273,16,2026-03-20
260,SBIN.NS,State Bank of India,Financial Services,1058.0,0.87,17748625,15764526,1.1259,16,2026-03-20
261,CHOLAFIN.NS,Cholamandalam Investment and Finance Company Ltd.,Financial Services,1440.5,-1.0,2452413,2185037,1.1224,16,2026-03-20
262,SUNTV.NS,Sun TV Network Ltd.,Media Entertainment & Publication,592.95,-1.07,385619,344189,1.1204,16,2026-03-20
263,3MINDIA.NS,3M India Ltd.,Diversified,32270.0,-2.15,4927,4415,1.116,16,2026-03-20
264,EXIDEIND.NS,Exide Industries Ltd.,Automobile and Auto Components,302.65,0.27,1563002,1405111,1.1124,16,2026-03-20
265,NAUKRI.NS,Info Edge (India) Ltd.,Consumer Services,978.2,0.78,1956522,1759580,1.1119,16,2026-03-20
266,ICICIPRULI.NS,ICICI Prudential Life Insurance Company Ltd.,Financial Services,552.1,-1.92,1215752,1094431,1.1109,16,2026-03-20
267,RENUKA.NS,Shree Renuka Sugars Ltd.,Fast Moving Consumer Goods,24.87,4.45,9757227,8791519,1.1098,16,2026-03-20
268,VMART.NS,V-Mart Retail Ltd.,Consumer Services,510.2,0.22,121990,110250,1.1065,16,2026-03-20
269,ATGL.NS,Adani Total Gas Ltd.,Oil Gas & Consumable Fuels,551.9,-0.76,13348695,12215405,1.0928,16,2026-03-20
270,ASTERDM.NS,Aster DM Healthcare Ltd.,Healthcare,626.95,-1.45,1080780,992286,1.0892,16,2026-03-20
271,DEVYANI.NS,Devyani International Ltd.,Consumer Services,104.17,-1.33,2996565,2764909,1.0838,16,2026-03-20
272,MOTHERSON.NS,Samvardhana Motherson International Ltd.,Automobile and Auto Components,111.59,-0.14,20814836,19267215,1.0803,16,2026-03-20
273,NAM-INDIA.NS,Nippon Life India Asset Management Ltd.,Financial Services,838.9,-2.03,644988,597340,1.0798,16,2026-03-20
274,HONASA.NS,Honasa Consumer Ltd.,Fast Moving Consumer Goods,289.2,4.42,732806,679346,1.0787,16,2026-03-20
275,MIDHANI.NS,Mishra Dhatu Nigam Ltd.,Capital Goods,315.3,2.3,594584,553564,1.0741,16,2026-03-20
276,FINPIPE.NS,Finolex Industries Ltd.,Capital Goods,174.63,-0.06,590179,550414,1.0722,16,2026-03-20
277,MANYAVAR.NS,Vedant Fashions Ltd.,Consumer Services,355.15,-1.11,740530,691334,1.0712,16,2026-03-20
278,TATACHEM.NS,Tata Chemicals Ltd.,Chemicals,633.3,-0.56,453520,425413,1.0661,16,2026-03-20
279,VENTIVE.NS,Ventive Hospitality Ltd.,Consumer Services,641.4,-2.31,87261,82152,1.0622,16,2026-03-20
280,PTC.NS,PTC India Ltd.,Power,165.18,3.09,1167570,1099930,1.0615,16,2026-03-20
281,DIVISLAB.NS,Divi's Laboratories Ltd.,Healthcare,6100.0,2.13,283471,268442,1.056,16,2026-03-20
282,INDIAGLYCO.NS,India Glycols Ltd.,Fast Moving Consumer Goods,868.75,0.52,120816,114738,1.053,16,2026-03-20
283,RATEGAIN.NS,Rategain Travel Technologies Ltd.,Information Technology,481.6,-0.88,335824,319295,1.0518,16,2026-03-20
284,ARVINDFASN.NS,Arvind Fashions Ltd.,Consumer Services,396.7,-1.99,188494,179491,1.0502,16,2026-03-20
285,NCC.NS,NCC Ltd.,Construction,140.59,-1.39,3472790,3307046,1.0501,16,2026-03-20
286,TRITURBINE.NS,Triveni Turbine Ltd.,Capital Goods,456.15,-1.95,259444,247850,1.0468,16,2026-03-20
287,ACMESOLAR.NS,ACME Solar Holdings Ltd.,Power,246.37,-5.98,2197261,2101771,1.0454,16,2026-03-20
288,GVT&D.NS,GE Vernova T&D India Ltd.,Capital Goods,3678.9,-2.2,563851,539703,1.0447,16,2026-03-20
289,KALYANKJIL.NS,Kalyan Jewellers India Ltd.,Consumer Durables,382.7,2.44,3043574,2913683,1.0446,16,2026-03-20
290,SANSERA.NS,Sansera Engineering Ltd.,Automobile and Auto Components,2177.9,2.01,205229,197096,1.0413,16,2026-03-20
291,YESBANK.NS,Yes Bank Ltd.,Financial Services,18.58,1.03,102980717,98969584,1.0405,16,2026-03-20
292,CENTRALBK.NS,Central Bank of India,Financial Services,34.17,1.67,10251996,9864118,1.0393,16,2026-03-20
293,SHYAMMETL.NS,Shyam Metalics and Energy Ltd.,Capital Goods,795.3,1.2,197742,190337,1.0389,16,2026-03-20
294,PAGEIND.NS,Page Industries Ltd.,Textiles,32005.0,2.5,23953,23134,1.0354,16,2026-03-20
295,ZAGGLE.NS,Zaggle Prepaid Ocean Services Ltd.,Information Technology,207.81,0.29,1690108,1634374,1.0341,16,2026-03-20
296,THERMAX.NS,Thermax Ltd.,Capital Goods,3227.4,-0.31,191817,186483,1.0286,16,2026-03-20
297,IDBI.NS,IDBI Bank Ltd.,Financial Services,73.07,4.15,32507084,31650385,1.0271,16,2026-03-20
298,V2RETAIL.NS,V2 Retail Ltd.,Consumer Services,1912.2,0.5,74556,72718,1.0253,16,2026-03-20
299,BAJAJ-AUTO.NS,Bajaj Auto Ltd.,Automobile and Auto Components,9051.0,2.06,356410,348087,1.0239,16,2026-03-20
300,GMRP&UI.NS,GMR Power and Urban Infra Ltd.,Power,104.52,3.38,1561869,1526501,1.0232,16,2026-03-20
301,KNRCON.NS,KNR Constructions Ltd.,Construction,118.01,-0.41,1458778,1426121,1.0229,16,2026-03-20
302,LICI.NS,Life Insurance Corporation of India,Financial Services,776.75,1.4,1045598,1022322,1.0228,16,2026-03-20
303,CAPLIPOINT.NS,Caplin Point Laboratories Ltd.,Healthcare,1604.1,-1.09,65307,63978,1.0208,16,2026-03-20
304,GULFOILLUB.NS,Gulf Oil Lubricants India Ltd.,Oil Gas & Consumable Fuels,919.3,-0.7,68227,67075,1.0172,16,2026-03-20
305,GNFC.NS,Gujarat Narmada Valley Fertilizers and Chemicals Ltd.,Chemicals,407.05,-0.72,281919,277298,1.0167,16,2026-03-20
306,UJJIVANSFB.NS,Ujjivan Small Finance Bank Ltd.,Financial Services,53.36,1.66,15280695,15079419,1.0133,16,2026-03-20
307,HEMIPROP.NS,Hemisphere Properties India Ltd.,Services,137.2,1.02,702236,693747,1.0122,16,2026-03-20
308,AARTIPHARM.NS,Aarti Pharmalabs Ltd.,Healthcare,644.6,-0.39,164744,162949,1.011,16,2026-03-20
309,LAURUSLABS.NS,Laurus Labs Ltd.,Healthcare,987.2,4.48,1763554,1750766,1.0073,16,2026-03-20
310,AXISBANK.NS,Axis Bank Ltd.,Financial Services,1203.9,-0.26,7518686,7469592,1.0066,16,2026-03-20
311,STAR.NS,Strides Pharma Science Ltd.,Healthcare,903.65,0.67,246535,245331,1.0049,16,2026-03-20
312,HIKAL.NS,Hikal Ltd.,Healthcare,168.48,1.53,376776,375654,1.003,16,2026-03-20
313,EMAMILTD.NS,Emami Ltd.,Fast Moving Consumer Goods,402.75,-0.73,590866,590459,1.0007,16,2026-03-20
314,CMSINFO.NS,CMS Info Systems Ltd.,Services,283.95,0.11,673750,674638,0.9987,16,2026-03-20
315,M&MFIN.NS,Mahindra & Mahindra Financial Services Ltd.,Financial Services,308.35,-1.01,1431140,1439388,0.9943,16,2026-03-20
316,MMTC.NS,MMTC Ltd.,Services,60.04,-0.66,10856978,10920476,0.9942,16,2026-03-20
317,GREAVESCOT.NS,Greaves Cotton Ltd.,Capital Goods,134.73,0.97,1271796,1280169,0.9935,16,2026-03-20
318,SBFC.NS,SBFC Finance Ltd.,Financial Services,86.77,1.27,1533707,1545330,0.9925,16,2026-03-20
319,ETHOSLTD.NS,Ethos Ltd.,Consumer Durables,2237.0,4.08,27431,27679,0.991,16,2026-03-20
320,PNGJL.NS,P N Gadgil Jewellers Ltd.,Consumer Durables,570.2,0.91,198401,200608,0.989,16,2026-03-20
321,LATENTVIEW.NS,Latent View Analytics Ltd.,Information Technology,267.35,-0.74,762761,772502,0.9874,16,2026-03-20
322,IRB.NS,IRB Infrastructure Developers Ltd.,Construction,41.51,-0.29,7351858,7447279,0.9872,16,2026-03-20
323,BERGEPAINT.NS,Berger Paints India Ltd.,Consumer Durables,416.7,1.77,489338,495837,0.9869,16,2026-03-20
324,TRENT.NS,Trent Ltd.,Consumer Services,3559.6,2.23,837217,848461,0.9867,16,2026-03-20
325,PREMIERENE.NS,Premier Energies Ltd.,Capital Goods,864.75,0.05,2542018,2583186,0.9841,16,2026-03-20
326,NH.NS,Narayana Hrudayalaya Ltd.,Healthcare,1652.2,0.24,291013,296408,0.9818,16,2026-03-20
327,NHPC.NS,NHPC Ltd.,Power,76.8,0.73,19824270,20302661,0.9764,16,2026-03-20
328,HCC.NS,Hindustan Construction Co. Ltd.,Construction,15.44,1.91,20068506,20665869,0.9711,16,2026-03-20
329,JIOFIN.NS,Jio Financial Services Ltd.,Financial Services,239.3,-0.06,15021100,15476048,0.9706,16,2026-03-20
330,LT.NS,Larsen & Toubro Ltd.,Construction,3434.8,0.01,4743217,4900820,0.9678,16,2026-03-20
331,BALKRISIND.NS,Balkrishna Industries Ltd.,Automobile and Auto Components,2105.1,-0.74,128499,133107,0.9654,16,2026-03-20
332,KAYNES.NS,Kaynes Technology India Ltd.,Capital Goods,3620.6,1.5,1141147,1188905,0.9598,16,2026-03-20
333,ABDL.NS,Allied Blenders and Distillers Ltd.,Fast Moving Consumer Goods,408.45,-1.08,359806,375017,0.9594,16,2026-03-20
334,MANINFRA.NS,Man Infraconstruction Ltd.,Construction,91.09,0.81,454573,475448,0.9561,16,2026-03-20
335,GAEL.NS,Gujarat Ambuja Exports Ltd.,Fast Moving Consumer Goods,134.51,1.13,586965,615889,0.953,16,2026-03-20
336,SUZLON.NS,Suzlon Energy Ltd.,Capital Goods,41.95,2.09,71960845,75686937,0.9508,16,2026-03-20
337,ULTRACEMCO.NS,UltraTech Cement Ltd.,Construction Materials,10934.0,1.11,365914,386319,0.9472,16,2026-03-20
338,WOCKPHARMA.NS,Wockhardt Ltd.,Healthcare,1176.2,-0.93,412681,435809,0.9469,16,2026-03-20
339,BANKBARODA.NS,Bank of Baroda,Financial Services,279.95,2.7,9423497,9987887,0.9435,16,2026-03-20
340,THANGAMAYL.NS,Thangamayil Jewellery Ltd.,Consumer Durables,3328.8,-0.85,101768,108220,0.9404,16,2026-03-20
341,PAYTM.NS,One 97 Communications Ltd.,Financial Services,1054.3,1.2,2527519,2688115,0.9403,16,2026-03-20
342,ETERNAL.NS,Eternal Ltd.,Consumer Services,232.29,1.55,55775440,59525233,0.937,16,2026-03-20
343,INDIGOPNTS.NS,Indigo Paints Ltd.,Consumer Durables,743.75,-0.09,175106,186900,0.9369,16,2026-03-20
344,ORIENTCEM.NS,Orient Cement Ltd.,Construction Materials,132.37,-0.39,512801,547944,0.9359,16,2026-03-20
345,SONACOMS.NS,Sona BLW Precision Forgings Ltd.,Automobile and Auto Components,506.25,1.51,1298483,1391351,0.9333,16,2026-03-20
346,TARIL.NS,Transformers And Rectifiers (India) Ltd.,Capital Goods,285.15,3.96,4133994,4431599,0.9328,16,2026-03-20
347,UNOMINDA.NS,UNO Minda Ltd.,Automobile and Auto Components,1067.0,2.65,1061778,1139840,0.9315,16,2026-03-20
348,TORNTPOWER.NS,Torrent Power Ltd.,Power,1450.7,0.26,564876,606617,0.9312,16,2026-03-20
349,PTCIL.NS,PTC Industries Ltd.,Capital Goods,17418.0,-0.22,15301,16447,0.9303,16,2026-03-20
350,TRIDENT.NS,Trident Ltd.,Textiles,24.25,2.41,13768611,14836018,0.9281,16,2026-03-20
351,CONCOR.NS,Container Corporation of India Ltd.,Services,447.3,1.51,1689715,1821374,0.9277,16,2026-03-20
352,LMW.NS,LMW Ltd.,Capital Goods,13702.0,-2.35,4186,4514,0.9273,16,2026-03-20
353,SANDUMA.NS,Sandur Manganese & Iron Ores Ltd.,Oil Gas & Consumable Fuels,185.29,2.73,1588764,1716952,0.9253,16,2026-03-20
354,INTELLECT.NS,Intellect Design Arena Ltd.,Information Technology,650.55,-1.58,465296,505892,0.9198,16,2026-03-20
355,HDFCLIFE.NS,HDFC Life Insurance Company Ltd.,Financial Services,623.65,-1.55,3012022,3277760,0.9189,16,2026-03-20
356,GLENMARK.NS,Glenmark Pharmaceuticals Ltd.,Healthcare,2180.1,3.94,596886,650773,0.9172,16,2026-03-20
357,PNB.NS,Punjab National Bank,Financial Services,111.53,1.86,17182097,18753615,0.9162,16,2026-03-20
358,WAAREEENER.NS,Waaree Energies Ltd.,Capital Goods,3165.9,0.32,2180409,2381921,0.9154,16,2026-03-20
359,VBL.NS,Varun Beverages Ltd.,Fast Moving Consumer Goods,401.45,-0.79,5524922,6037904,0.915,16,2026-03-20
360,AUROPHARMA.NS,Aurobindo Pharma Ltd.,Healthcare,1291.4,3.52,1395687,1527372,0.9138,16,2026-03-20
361,INDIGO.NS,InterGlobe Aviation Ltd.,Services,4149.1,-0.13,1888215,2068666,0.9128,16,2026-03-20
362,OPTIEMUS.NS,Optiemus Infracom Ltd.,Telecommunication,334.2,0.19,211712,232093,0.9122,16,2026-03-20
363,LUXIND.NS,Lux Industries Ltd.,Textiles,941.1,3.58,48362,53105,0.9107,16,2026-03-20
364,CARTRADE.NS,Cartrade Tech Ltd.,Consumer Services,1696.9,3.36,329928,362393,0.9104,16,2026-03-20
365,PERSISTENT.NS,Persistent Systems Ltd.,Information Technology,4716.7,2.47,654131,718556,0.9103,16,2026-03-20
366,HAVELLS.NS,Havells India Ltd.,Consumer Durables,1281.2,-1.01,811006,892987,0.9082,16,2026-03-20
367,TEXRAIL.NS,Texmaco Rail & Eng. Ltd.,Capital Goods,89.63,0.31,1844383,2039111,0.9045,16,2026-03-20
368,INDIAMART.NS,Indiamart Intermesh Ltd.,Consumer Services,1994.4,-1.71,135768,150239,0.9037,16,2026-03-20
369,BBL.NS,Bharat Bijlee Ltd.,Capital Goods,2310.5,0.01,25316,28102,0.9009,16,2026-03-20
370,EICHERMOT.NS,Eicher Motors Ltd.,Automobile and Auto Components,6909.0,1.71,575123,638873,0.9002,16,2026-03-20
371,CGPOWER.NS,CG Power and Industrial Solutions Ltd.,Capital Goods,681.6,-0.74,2720138,3025213,0.8992,16,2026-03-20
372,GRWRHITECH.NS,Garware Hi-Tech Films Ltd.,Capital Goods,3650.8,-0.95,37003,41346,0.895,16,2026-03-20
373,JUBLINGREA.NS,Jubilant Ingrevia Ltd.,Chemicals,583.3,2.1,250811,280405,0.8945,16,2026-03-20
374,GRAVITA.NS,Gravita India Ltd.,Metals & Mining,1405.2,-0.14,191365,214914,0.8904,16,2026-03-20
375,ICICIBANK.NS,ICICI Bank Ltd.,Financial Services,1245.4,-0.38,16421006,18507887,0.8872,16,2026-03-20
376,DEEPAKFERT.NS,Deepak Fertilisers & Petrochemicals Corp. Ltd.,Chemicals,908.55,-0.57,276351,312140,0.8853,16,2026-03-20
377,UNIMECH.NS,Unimech Aerospace and Manufacturing Ltd.,Capital Goods,795.85,2.88,78855,89110,0.8849,16,2026-03-20
378,HONAUT.NS,Honeywell Automation India Ltd.,Capital Goods,28330.0,-0.44,5327,6022,0.8846,16,2026-03-20
379,SIGNATURE.NS,Signatureglobal (India) Ltd.,Realty,763.65,-0.43,331676,375281,0.8838,16,2026-03-20
380,AWFIS.NS,Awfis Space Solutions Ltd.,Services,263.6,-1.88,430385,488835,0.8804,16,2026-03-20
381,PARADEEP.NS,Paradeep Phosphates Ltd.,Chemicals,110.77,-2.09,5045620,5762643,0.8756,16,2026-03-20
382,OLAELEC.NS,Ola Electric Mobility Ltd.,Automobile and Auto Components,24.66,5.03,51124656,58387514,0.8756,16,2026-03-20
383,RELAXO.NS,Relaxo Footwears Ltd.,Consumer Durables,273.95,0.46,119840,137032,0.8745,16,2026-03-20
384,MASTEK.NS,Mastek Ltd.,Information Technology,1449.5,-0.1,84703,96893,0.8742,16,2026-03-20
385,MARICO.NS,Marico Ltd.,Fast Moving Consumer Goods,744.3,0.41,1478190,1695946,0.8716,16,2026-03-20
386,APLAPOLLO.NS,APL Apollo Tubes Ltd.,Capital Goods,1973.1,2.24,620833,714184,0.8693,16,2026-03-20
387,SHARDACROP.NS,Sharda Cropchem Ltd.,Chemicals,978.6,2.11,202245,233281,0.867,16,2026-03-20
388,SHREECEM.NS,Shree Cement Ltd.,Construction Materials,23535.0,0.86,29852,34467,0.8661,16,2026-03-20
389,MINDACORP.NS,Minda Corporation Ltd.,Automobile and Auto Components,502.5,0.38,199397,230611,0.8646,16,2026-03-20
390,MOTILALOFS.NS,Motilal Oswal Financial Services Ltd.,Financial Services,662.6,-1.26,681893,789395,0.8638,16,2026-03-20
391,FORTIS.NS,Fortis Healthcare Ltd.,Healthcare,822.05,0.45,1580046,1833850,0.8616,16,2026-03-20
392,GANESHHOU.NS,Ganesh Housing Ltd.,Realty,590.5,-1.12,56947,66291,0.859,16,2026-03-20
393,SIEMENS.NS,Siemens Ltd.,Capital Goods,3129.6,1.64,336513,392138,0.8581,16,2026-03-20
394,GABRIEL.NS,Gabriel India Ltd.,Automobile and Auto Components,862.95,2.82,258017,301010,0.8572,16,2026-03-20
395,GODREJCP.NS,Godrej Consumer Products Ltd.,Fast Moving Consumer Goods,1017.6,-0.45,1344957,1569181,0.8571,16,2026-03-20
396,WAAREERTL.NS,Waaree Renewable Technologies Ltd.,Capital Goods,850.25,0.81,248673,291020,0.8545,16,2026-03-20
397,IEX.NS,Indian Energy Exchange Ltd.,Financial Services,120.53,1.93,5086862,5952993,0.8545,16,2026-03-20
398,ACE.NS,Action Construction Equipment Ltd.,Capital Goods,829.15,-0.66,194400,227811,0.8533,16,2026-03-20
399,KPITTECH.NS,KPIT Technologies Ltd.,Information Technology,660.95,0.31,1948255,2287584,0.8517,16,2026-03-20
400,KOTAKBANK.NS,Kotak Mahindra Bank Ltd.,Financial Services,366.75,-0.38,17077194,20121337,0.8487,16,2026-03-20
401,WABAG.NS,Va Tech Wabag Ltd.,Utilities,1236.9,3.0,389764,459582,0.8481,16,2026-03-20
402,RTNPOWER.NS,RattanIndia Power Ltd.,Power,8.31,0.0,11982767,14130889,0.848,16,2026-03-20
403,TRANSRAILL.NS,Transrail Lighting Ltd.,Capital Goods,500.4,1.5,407327,482270,0.8446,16,2026-03-20
404,JAMNAAUTO.NS,Jamna Auto Industries Ltd.,Automobile and Auto Components,119.68,2.26,2626190,3111221,0.8441,16,2026-03-20
405,AHLUCONT.NS,Ahluwalia Contracts (India) Ltd.,Construction,724.95,-1.76,86808,103214,0.841,16,2026-03-20
406,EIDPARRY.NS,E.I.D. Parry (India) Ltd.,Fast Moving Consumer Goods,789.05,-0.85,204744,243580,0.8406,16,2026-03-20
407,SWSOLAR.NS,Sterling and Wilson Renewable Energy Ltd.,Construction,171.65,1.41,1370218,1631358,0.8399,16,2026-03-20
408,ADANIENT.NS,Adani Enterprises Ltd.,Metals & Mining,1927.1,-0.5,1175662,1401748,0.8387,16,2026-03-20
409,CENTURYPLY.NS,Century Plyboards (India) Ltd.,Consumer Durables,650.9,-1.33,42417,50580,0.8386,16,2026-03-20
410,ADVENZYMES.NS,Advanced Enzyme Tech Ltd.,Healthcare,272.6,-0.18,121612,145152,0.8378,16,2026-03-20
411,DMART.NS,Avenue Supermarts Ltd.,Consumer Services,3770.8,-0.98,386084,461127,0.8373,16,2026-03-20
412,BALRAMCHIN.NS,Balrampur Chini Mills Ltd.,Fast Moving Consumer Goods,485.9,0.48,1104034,1321587,0.8354,16,2026-03-20
413,DODLA.NS,Dodla Dairy Ltd.,Fast Moving Consumer Goods,1014.3,-0.55,44869,53725,0.8352,16,2026-03-20
414,KANSAINER.NS,Kansai Nerolac Paints Ltd.,Consumer Durables,166.77,-1.03,556926,667797,0.834,16,2026-03-20
415,PRICOLLTD.NS,Pricol Ltd.,Automobile and Auto Components,533.55,-0.24,276029,331785,0.832,16,2026-03-20
416,RADICO.NS,Radico Khaitan Ltd,Fast Moving Consumer Goods,2660.5,2.56,407415,491538,0.8289,16,2026-03-20
417,BEML.NS,BEML Ltd.,Capital Goods,1514.6,0.92,219468,265310,0.8272,16,2026-03-20
418,CREDITACC.NS,CreditAccess Grameen Ltd.,Financial Services,1156.9,0.27,262900,318402,0.8257,16,2026-03-20
419,ENRIN.NS,Siemens Energy India Ltd.,Capital Goods,2791.2,1.31,288016,349223,0.8247,16,2026-03-20
420,TECHNOE.NS,Techno Electric & Engineering Company Ltd.,Construction,1089.6,-0.53,189896,230535,0.8237,16,2026-03-20
421,AKUMS.NS,Akums Drugs and Pharmaceuticals Ltd.,Healthcare,483.4,3.25,124290,150986,0.8232,16,2026-03-20
422,KIMS.NS,Krishna Institute of Medical Sciences Ltd.,Healthcare,645.1,-1.89,282658,343759,0.8223,16,2026-03-20
423,AURIONPRO.NS,Aurionpro Solution Ltd.,Information Technology,815.5,0.66,190268,231471,0.822,16,2026-03-20
424,HBLENGINE.NS,HBL Engineering Ltd.,Capital Goods,659.5,-0.02,946550,1151901,0.8217,16,2026-03-20
425,SAMHI.NS,Samhi Hotels Ltd.,Consumer Services,144.32,-4.02,1003330,1223027,0.8204,16,2026-03-20
426,FINCABLES.NS,Finolex Cables Ltd.,Capital Goods,878.15,3.34,904177,1104720,0.8185,16,2026-03-20
427,YATHARTH.NS,Yatharth Hospital & Trauma Care Services Ltd.,Healthcare,640.25,-1.42,305764,374376,0.8167,16,2026-03-20
428,SENCO.NS,Senco Gold Ltd.,Consumer Durables,295.95,1.61,424683,520283,0.8163,16,2026-03-20
429,ALIVUS.NS,Alivus Life Sciences Ltd.,Healthcare,949.8,2.34,53941,66165,0.8152,16,2026-03-20
430,ELGIEQUIP.NS,Elgi Equipments Ltd.,Capital Goods,480.05,2.78,348295,428528,0.8128,16,2026-03-20
431,RAILTEL.NS,Railtel Corporation Of India Ltd.,Telecommunication,271.5,0.39,996603,1226372,0.8126,16,2026-03-20
432,BASF.NS,BASF India Ltd.,Chemicals,3312.2,0.07,17694,21825,0.8107,16,2026-03-20
433,IPCALAB.NS,Ipca Laboratories Ltd.,Healthcare,1544.9,0.03,196016,242119,0.8096,16,2026-03-20
434,FIVESTAR.NS,Five-Star Business Finance Ltd.,Financial Services,350.65,-1.28,962079,1189351,0.8089,16,2026-03-20
435,BEL.NS,Bharat Electronics Ltd.,Capital Goods,426.1,-1.09,17599734,21764297,0.8087,16,2026-03-20
436,CARBORUNIV.NS,Carborundum Universal Ltd.,Capital Goods,756.95,1.15,73003,90542,0.8063,16,2026-03-20
437,SUNFLAG.NS,Sunflag Iron & Steel Company Ltd.,Capital Goods,217.64,1.2,121794,151155,0.8058,16,2026-03-20
438,RTNINDIA.NS,RattanIndia Enterprises Ltd.,Consumer Services,26.71,-0.19,4187292,5224234,0.8015,16,2026-03-20
439,AJANTPHARM.NS,Ajanta Pharmaceuticals Ltd.,Healthcare,2904.7,-1.33,111373,139580,0.7979,16,2026-03-20
440,TATACOMM.NS,Tata Communications Ltd.,Telecommunication,1416.8,-1.67,269220,337440,0.7978,16,2026-03-20
441,CEMPRO.NS,Cemindia Projects Ltd.,Construction,539.6,-0.74,230580,290970,0.7925,16,2026-03-20
442,INDIASHLTR.NS,India Shelter Finance Corporation Ltd.,Financial Services,686.15,-4.69,125833,158924,0.7918,16,2026-03-20
443,DLF.NS,DLF Ltd.,Realty,540.75,-0.28,4266475,5395510,0.7907,16,2026-03-20
444,IRFC.NS,Indian Railway Finance Corporation Ltd.,Financial Services,94.69,-0.37,14353015,18161789,0.7903,16,2026-03-20
445,VTL.NS,Vardhman Textiles Ltd.,Textiles,532.9,0.69,367237,464700,0.7903,16,2026-03-20
446,IGIL.NS,International Gemmological Institute (India) Ltd.,Services,338.45,0.13,718001,910612,0.7885,16,2026-03-20
447,SAPPHIRE.NS,Sapphire Foods India Ltd.,Consumer Services,160.13,-1.83,752560,960836,0.7832,16,2026-03-20
448,JSWINFRA.NS,JSW Infrastructure Ltd.,Services,251.15,-0.83,1277691,1635316,0.7813,16,2026-03-20
449,GODREJIND.NS,Godrej Industries Ltd.,Diversified,832.05,1.03,62714,80284,0.7812,16,2026-03-20
450,PCBL.NS,PCBL Chemical Ltd.,Chemicals,248.05,1.0,847270,1086329,0.7799,16,2026-03-20
451,IGL.NS,Indraprastha Gas Ltd.,Oil Gas & Consumable Fuels,156.63,1.91,2525650,3238777,0.7798,16,2026-03-20
452,GALLANTT.NS,Gallantt Ispat Ltd.,Capital Goods,555.95,1.42,90472,117441,0.7704,16,2026-03-20
453,ABREL.NS,Aditya Birla Real Estate Ltd.,Forest Materials,1165.4,-1.09,212529,276516,0.7686,16,2026-03-20
454,NAVA.NS,Nava Ltd.,Power,553.5,1.64,229464,298681,0.7683,16,2026-03-20
455,FORCEMOT.NS,Force Motors Ltd.,Automobile and Auto Components,21585.0,4.17,88440,115458,0.766,16,2026-03-20
456,COFORGE.NS,Coforge Ltd.,Information Technology,1089.3,-0.27,2721237,3557696,0.7649,16,2026-03-20
457,JKLAKSHMI.NS,JK Lakshmi Cement Ltd.,Construction Materials,592.85,-0.26,104983,138094,0.7602,16,2026-03-20
458,ENDURANCE.NS,Endurance Technologies Ltd.,Automobile and Auto Components,2280.3,0.19,51767,68207,0.759,16,2026-03-20
459,AMBUJACEM.NS,Ambuja Cements Ltd.,Construction Materials,420.55,0.14,2282335,3016205,0.7567,16,2026-03-20
460,TITAGARH.NS,Titagarh Rail Systems Ltd.,Capital Goods,626.35,0.76,527597,701052,0.7526,16,2026-03-20
461,ASHOKA.NS,Ashoka Buildcon Ltd.,Construction,113.73,0.7,1235014,1641779,0.7522,16,2026-03-20
462,AZAD.NS,Azad Engineering Ltd.,Capital Goods,1469.4,0.61,134903,179406,0.7519,16,2026-03-20
463,AARTIDRUGS.NS,Aarti Drugs Ltd.,Healthcare,343.15,1.64,100847,134289,0.751,16,2026-03-20
464,FINEORG.NS,Fine Organic Industries Ltd.,Chemicals,4256.1,-0.46,10163,13532,0.751,16,2026-03-20
465,BAJAJHLDNG.NS,Bajaj Holdings & Investment Ltd.,Financial Services,9512.0,-1.67,42855,57119,0.7503,16,2026-03-20
466,ABLBL.NS,Aditya Birla Lifestyle Brands Ltd.,Consumer Services,93.23,-0.12,3126943,4175672,0.7488,16,2026-03-20
467,CLEAN.NS,Clean Science and Technology Ltd.,Chemicals,698.6,0.42,205254,274872,0.7467,16,2026-03-20
468,CDSL.NS,Central Depository Services (India) Ltd.,Financial Services,1190.8,-0.28,1507667,2022416,0.7455,16,2026-03-20
469,EDELWEISS.NS,Edelweiss Financial Services Ltd.,Financial Services,104.7,-0.65,3717028,5016868,0.7409,16,2026-03-20
470,GSFC.NS,Gujarat State Fertilizers & Chemicals Ltd.,Chemicals,153.95,-0.85,1119288,1512826,0.7399,16,2026-03-20
471,TORNTPHARM.NS,Torrent Pharmaceuticals Ltd.,Healthcare,4270.2,1.41,269110,363919,0.7395,16,2026-03-20
472,PATANJALI.NS,Patanjali Foods Ltd.,Fast Moving Consumer Goods,474.6,0.06,1300103,1758732,0.7392,16,2026-03-20
473,ENTERO.NS,Entero Healthcare Solutions Ltd.,Consumer Services,1120.9,2.2,67452,91328,0.7386,16,2026-03-20
474,DBREALTY.NS,Valor Estate Ltd.,Consumer Services,98.07,1.32,1396367,1893533,0.7374,16,2026-03-20
475,HUDCO.NS,Housing & Urban Development Corporation Ltd.,Financial Services,172.48,0.69,2467871,3352148,0.7362,16,2026-03-20
476,HDFCAMC.NS,HDFC Asset Management Company Ltd.,Financial Services,2385.9,-0.63,771952,1054163,0.7323,16,2026-03-20
477,DBL.NS,Dilip Buildcon Ltd.,Construction,411.4,-3.37,243049,333297,0.7292,16,2026-03-20
478,RALLIS.NS,Rallis India Ltd.,Chemicals,238.65,-1.67,204499,282123,0.7249,16,2026-03-20
479,TANLA.NS,Tanla Platforms Ltd.,Information Technology,423.05,2.11,340385,469846,0.7245,16,2026-03-20
480,THELEELA.NS,Leela Palaces Hotels & Resorts Ltd.,Consumer Services,399.3,-1.99,182898,252904,0.7232,16,2026-03-20
481,UNITDSPR.NS,United Spirits Ltd.,Fast Moving Consumer Goods,1300.1,0.87,867349,1200546,0.7225,16,2026-03-20
482,ALOKINDS.NS,Alok Industries Ltd.,Textiles,12.84,-0.08,3407027,4715998,0.7224,16,2026-03-20
483,CIPLA.NS,Cipla Ltd.,Healthcare,1256.4,1.39,1151621,1594977,0.722,16,2026-03-20
484,JAIBALAJI.NS,Jai Balaji Industries Ltd.,Metals & Mining,64.68,3.94,4676522,6495020,0.72,16,2026-03-20
485,AVANTIFEED.NS,Avanti Feeds Ltd.,Fast Moving Consumer Goods,1206.0,2.69,426974,593147,0.7198,16,2026-03-20
486,POLYCAB.NS,Polycab India Ltd.,Capital Goods,7171.0,-0.13,450944,627070,0.7191,16,2026-03-20
487,ENGINERSIN.NS,Engineers India Ltd.,Construction,191.64,2.08,2684136,3746548,0.7164,16,2026-03-20
488,PGEL.NS,PG Electroplast Ltd.,Consumer Durables,512.75,1.62,3262832,4561861,0.7152,16,2026-03-20
489,BLUESTARCO.NS,Blue Star Ltd.,Consumer Durables,1708.6,-1.44,401052,560818,0.7151,16,2026-03-20
490,MANORAMA.NS,Manorama Industries Ltd.,Fast Moving Consumer Goods,1271.9,0.03,63142,88324,0.7149,16,2026-03-20
491,SYNGENE.NS,Syngene International Ltd.,Healthcare,414.75,1.69,1084878,1521541,0.713,16,2026-03-20
492,AFCONS.NS,Afcons Infrastructure Ltd.,Construction,278.75,0.34,437746,616144,0.7105,16,2026-03-20
493,GODREJPROP.NS,Godrej Properties Ltd.,Realty,1549.5,-0.17,966056,1361613,0.7095,16,2026-03-20
494,VGUARD.NS,V-Guard Industries Ltd.,Consumer Durables,324.85,0.25,115492,163085,0.7082,16,2026-03-20
495,QUESS.NS,Quess Corp Ltd.,Services,177.73,-0.63,181701,256721,0.7078,16,2026-03-20
496,CYIENT.NS,Cyient Ltd.,Information Technology,825.35,-0.54,199549,282165,0.7072,16,2026-03-20
497,BORORENEW.NS,Borosil Renewables Ltd.,Capital Goods,420.9,1.73,375960,531679,0.7071,16,2026-03-20
498,KFINTECH.NS,Kfin Technologies Ltd.,Financial Services,914.55,0.18,525241,743797,0.7062,16,2026-03-20
499,COCHINSHIP.NS,Cochin Shipyard Ltd.,Capital Goods,1341.5,-1.46,814079,1155939,0.7043,16,2026-03-20
500,VOLTAS.NS,Voltas Ltd.,Consumer Durables,1324.5,-1.68,681533,969241,0.7032,16,2026-03-20
501,EMIL.NS,Electronics Mart India Ltd.,Consumer Services,92.01,0.54,327206,465513,0.7029,16,2026-03-20
502,IMAGICAA.NS,Imagicaaworld Entertainment Ltd.,Consumer Services,39.98,-0.2,630323,897491,0.7023,16,2026-03-20
503,SKYGOLD.NS,SKY GOLD AND DIAMONDS Ltd.,Consumer Durables,346.65,1.9,337426,481512,0.7008,16,2026-03-20
504,DCBBANK.NS,DCB Bank Ltd.,Financial Services,169.82,-0.08,1179374,1685683,0.6996,16,2026-03-20
505,BHARTIARTL.NS,Bharti Airtel Ltd.,Telecommunication,1846.1,1.05,7691633,11031303,0.6973,16,2026-03-20
506,MAHLIFE.NS,Mahindra Lifespace Developers Ltd.,Realty,341.4,-3.87,97690,140396,0.6958,16,2026-03-20
507,SAFARI.NS,Safari Industries (India) Ltd.,Consumer Durables,1520.5,-4.6,58214,83680,0.6957,16,2026-03-20
508,BLS.NS,BLS International Services Ltd.,Consumer Services,240.6,0.06,816806,1177818,0.6935,16,2026-03-20
509,KIRLOSENG.NS,Kirloskar Oil Eng Ltd.,Capital Goods,1376.7,-3.14,284824,410813,0.6933,16,2026-03-20
510,CIGNITITEC.NS,Cigniti Technologies Ltd.,Information Technology,1068.3,-0.37,48344,70157,0.6891,16,2026-03-20
511,LICHSGFIN.NS,LIC Housing Finance Ltd.,Financial Services,486.15,0.55,1165789,1702492,0.6848,16,2026-03-20
512,SURYAROSNI.NS,Surya Roshni Ltd.,Capital Goods,209.08,2.38,259309,379854,0.6827,16,2026-03-20
513,ONGC.NS,Oil & Natural Gas Corporation Ltd.,Oil Gas & Consumable Fuels,265.4,-1.37,19436124,28477503,0.6825,16,2026-03-20
514,ASIANPAINT.NS,Asian Paints Ltd.,Consumer Durables,2195.4,0.43,875920,1286433,0.6809,16,2026-03-20
515,VIJAYA.NS,Vijaya Diagnostic Centre Ltd.,Healthcare,904.6,-1.97,80135,118683,0.6752,16,2026-03-20
516,COLPAL.NS,Colgate Palmolive (India) Ltd.,Fast Moving Consumer Goods,1896.1,0.34,317292,470042,0.675,16,2026-03-20
517,PRESTIGE.NS,Prestige Estates Projects Ltd.,Realty,1248.2,-1.56,563584,836105,0.6741,16,2026-03-20
518,LLOYDSENGG.NS,Lloyds Engineering Works Ltd.,Capital Goods,41.3,0.61,2275152,3405170,0.6681,16,2026-03-20
519,GESHIP.NS,Great Eastern Shipping Co. Ltd.,Services,1429.7,-0.8,501108,751058,0.6672,16,2026-03-20
520,KPIL.NS,Kalpataru Projects International Ltd.,Construction,1071.0,0.32,151452,227590,0.6655,16,2026-03-20
521,RBLBANK.NS,RBL Bank Ltd.,Financial Services,297.25,1.76,2777300,4189980,0.6628,16,2026-03-20
522,UTIAMC.NS,UTI Asset Management Company Ltd.,Financial Services,939.0,-0.41,57359,86569,0.6626,16,2026-03-20
523,ABB.NS,ABB India Ltd.,Capital Goods,6297.0,1.34,274862,415672,0.6612,16,2026-03-20
524,BHARATFORG.NS,Bharat Forge Ltd.,Automobile and Auto Components,1711.5,-0.05,939720,1421543,0.6611,16,2026-03-20
525,WELENT.NS,Welspun Enterprises Ltd.,Construction,462.35,0.89,67600,102647,0.6586,16,2026-03-20
526,SUNTECK.NS,Sunteck Realty Ltd.,Realty,307.7,-0.47,131668,200222,0.6576,16,2026-03-20
527,VIYASH.NS,Viyash Scientific Ltd.,Healthcare,188.43,-0.67,545603,831313,0.6563,16,2026-03-20
528,ICICIGI.NS,ICICI Lombard General Insurance Company Ltd.,Financial Services,1777.2,-0.83,380679,580412,0.6559,16,2026-03-20
529,SKIPPER.NS,Skipper Ltd.,Capital Goods,350.15,-0.31,257843,393301,0.6556,16,2026-03-20
530,AVALON.NS,Avalon Technologies Ltd.,Capital Goods,951.9,2.21,93312,142351,0.6555,16,2026-03-20
531,ANGELONE.NS,Angel One Ltd.,Financial Services,231.32,-0.47,6007983,9173482,0.6549,16,2026-03-20
532,RAINBOW.NS,Rainbow Childrens Medicare Ltd.,Healthcare,1114.3,0.95,89133,136328,0.6538,16,2026-03-20
533,ASTRAZEN.NS,AstraZenca Pharma India Ltd.,Healthcare,8321.0,-0.59,3299,5048,0.6535,16,2026-03-20
534,MOIL.NS,MOIL Ltd.,Metals & Mining,291.6,-0.29,1866931,2884924,0.6471,16,2026-03-20
535,BSOFT.NS,Birlasoft Ltd.,Information Technology,358.05,-1.59,888548,1377670,0.645,16,2026-03-20
536,BOSCH-HCIL.NS,Bosch Home Comfort India Ltd.,Consumer Durables,1281.1,-0.24,9448,14657,0.6446,16,2026-03-20
537,SUPRIYA.NS,Supriya Lifescience Ltd.,Healthcare,584.2,0.74,95765,149437,0.6408,16,2026-03-20
538,AAVAS.NS,Aavas Financiers Ltd.,Financial Services,1098.1,-0.7,181266,283736,0.6389,16,2026-03-20
539,TVSMOTOR.NS,TVS Motor Company Ltd.,Automobile and Auto Components,3462.2,0.23,744363,1170306,0.636,16,2026-03-20
540,ATUL.NS,Atul Ltd.,Chemicals,6245.0,0.38,15169,23884,0.6351,16,2026-03-20
541,INGERRAND.NS,Ingersoll Rand (India) Ltd.,Capital Goods,3647.5,1.66,8255,13012,0.6344,16,2026-03-20
542,AADHARHFC.NS,Aadhar Housing Finance Ltd.,Financial Services,449.85,-2.79,337678,534026,0.6323,16,2026-03-20
543,NAVINFLUOR.NS,Navin Fluorine International Ltd.,Chemicals,6124.0,-2.21,121646,193097,0.63,16,2026-03-20
544,JUBLFOOD.NS,Jubilant Foodworks Ltd.,Consumer Services,451.55,-0.58,1623484,2586369,0.6277,16,2026-03-20
545,GOKEX.NS,Gokaldas Exports Ltd.,Textiles,581.4,0.81,473683,755213,0.6272,16,2026-03-20
546,BLUEDART.NS,Blue Dart Express Ltd.,Services,5101.5,0.57,5459,8722,0.6259,16,2026-03-20
547,KTKBANK.NS,Karnataka Bank Ltd.,Financial Services,228.93,-1.03,3775657,6034934,0.6256,16,2026-03-20
548,DIXON.NS,Dixon Technologies (India) Ltd.,Consumer Durables,10342.0,1.45,520115,834370,0.6234,16,2026-03-20
549,FLUOROCHEM.NS,Gujarat Fluorochemicals Ltd.,Chemicals,3183.9,0.76,51364,82677,0.6213,16,2026-03-20
550,MEDPLUS.NS,Medplus Health Services Ltd.,Consumer Services,820.65,0.01,88655,143202,0.6191,16,2026-03-20
551,JSL.NS,Jindal Stainless Ltd.,Metals & Mining,721.95,2.0,623699,1008435,0.6185,16,2026-03-20
552,TVSSCS.NS,TVS Supply Chain Solutions Ltd.,Services,100.47,0.07,298782,483236,0.6183,16,2026-03-20
553,SUPREMEIND.NS,Supreme Industries Ltd.,Capital Goods,3834.4,-0.23,190267,308078,0.6176,16,2026-03-20
554,SOLARINDS.NS,Solar Industries India Ltd.,Chemicals,12934.0,-1.71,156790,254752,0.6155,16,2026-03-20
555,CROMPTON.NS,Crompton Greaves Consumer Electricals Ltd.,Consumer Durables,243.15,0.29,1174291,1911263,0.6144,16,2026-03-20
556,NTPCGREEN.NS,NTPC Green Energy Ltd.,Power,101.1,2.25,20150451,32809876,0.6142,16,2026-03-20
557,ZYDUSLIFE.NS,Zydus Lifesciences Ltd.,Healthcare,890.5,1.64,424095,692056,0.6128,16,2026-03-20
558,BRIGADE.NS,Brigade Enterprises Ltd.,Realty,643.9,-2.23,210646,344115,0.6121,16,2026-03-20
559,LLOYDSENT.NS,Lloyds Enterprises Ltd.,Metals & Mining,45.4,0.02,3797703,6207284,0.6118,16,2026-03-20
560,GREENPANEL.NS,Greenpanel Industries Ltd.,Consumer Durables,194.07,-0.27,66960,109774,0.61,16,2026-03-20
561,STLTECH.NS,Sterlite Technologies Ltd.,Telecommunication,188.56,2.0,6524220,10708765,0.6092,16,2026-03-20
562,PGIL.NS,Pearl Global Industries Ltd.,Textiles,1489.5,0.13,30411,50130,0.6066,16,2026-03-20
563,JUBLPHARMA.NS,Jubilant Pharmova Ltd.,Healthcare,831.35,-2.28,91364,150669,0.6064,16,2026-03-20
564,ADANIGREEN.NS,Adani Green Energy Ltd.,Power,863.1,0.96,1990204,3284818,0.6059,16,2026-03-20
565,SYMPHONY.NS,Symphony Ltd.,Consumer Durables,771.45,-1.45,139106,229973,0.6049,16,2026-03-20
566,ICIL.NS,Indo Count Industries Ltd.,Textiles,233.45,1.08,151082,249892,0.6046,16,2026-03-20
567,LINDEINDIA.NS,Linde India Ltd.,Chemicals,7014.5,0.04,35247,58474,0.6028,16,2026-03-20
568,CAMPUS.NS,Campus Activewear Ltd.,Consumer Durables,225.0,-1.47,156145,259279,0.6022,16,2026-03-20
569,CERA.NS,Cera Sanitaryware Ltd,Consumer Durables,4753.7,-0.1,13514,22470,0.6014,16,2026-03-20
570,TIINDIA.NS,Tube Investments of India Ltd.,Automobile and Auto Components,2537.3,0.29,389938,650925,0.5991,16,2026-03-20
571,IDFCFIRSTB.NS,IDFC First Bank Ltd.,Financial Services,62.95,0.54,28941537,48363011,0.5984,16,2026-03-20
572,POLYMED.NS,Poly Medicure Ltd.,Healthcare,1240.9,0.03,177795,298364,0.5959,16,2026-03-20
573,REFEX.NS,Refex Industries Ltd.,Chemicals,200.53,-0.06,467144,784281,0.5956,16,2026-03-20
574,VARROC.NS,Varroc Engineering Ltd.,Automobile and Auto Components,498.2,-1.08,107738,181844,0.5925,16,2026-03-20
575,GMMPFAUDLR.NS,GMM Pfaudler Ltd.,Capital Goods,856.9,-2.86,59820,101117,0.5916,16,2026-03-20
576,SAREGAMA.NS,Saregama India Ltd,Media Entertainment & Publication,344.1,1.82,269143,456362,0.5898,16,2026-03-20
577,RVNL.NS,Rail Vikas Nigam Ltd.,Construction,264.55,0.84,4440790,7529472,0.5898,16,2026-03-20
578,LTF.NS,L&T Finance Ltd.,Financial Services,261.2,1.77,6384030,10899389,0.5857,16,2026-03-20
579,HAL.NS,Hindustan Aeronautics Ltd.,Capital Goods,3782.4,-0.53,1047650,1796822,0.5831,16,2026-03-20
580,CRAFTSMAN.NS,Craftsman Automation Ltd.,Automobile and Auto Components,6912.0,0.83,27734,47674,0.5817,16,2026-03-20
581,JSWCEMENT.NS,JSW Cement Ltd.,Construction Materials,116.13,1.12,1699230,2922722,0.5814,16,2026-03-20
582,SHILPAMED.NS,Shilpa Medicare Ltd.,Healthcare,323.25,2.7,239559,414035,0.5786,16,2026-03-20
583,ASKAUTOLTD.NS,ASK Automotive Ltd.,Automobile and Auto Components,409.2,-2.23,93035,160933,0.5781,16,2026-03-20
584,INDHOTEL.NS,Indian Hotels Co. Ltd.,Consumer Services,615.55,0.31,1743429,3016984,0.5779,16,2026-03-20
585,DCAL.NS,Dishman Carbogen Amcis Ltd.,Healthcare,158.05,-1.42,305954,530802,0.5764,16,2026-03-20
586,ZENSARTECH.NS,Zensar Technolgies Ltd.,Information Technology,564.9,1.16,276140,480548,0.5746,16,2026-03-20
587,PNCINFRA.NS,PNC Infratech Ltd.,Construction,186.21,-0.11,304614,531187,0.5735,16,2026-03-20
588,APARINDS.NS,Apar Industries Ltd.,Capital Goods,9673.0,0.78,80462,140380,0.5732,16,2026-03-20
589,POLICYBZR.NS,PB Fintech Ltd.,Financial Services,1497.1,0.56,881630,1545777,0.5703,16,2026-03-20
590,NATCOPHARM.NS,NATCO Pharma Ltd.,Healthcare,959.2,2.25,743788,1306838,0.5692,16,2026-03-20
591,KRN.NS,KRN Heat Exchanger and Refrigeration Ltd.,Capital Goods,896.85,1.99,873002,1537257,0.5679,16,2026-03-20
592,BBTC.NS,Bombay Burmah Trading Corporation Ltd.,Fast Moving Consumer Goods,1504.6,-0.66,26045,45976,0.5665,16,2026-03-20
593,JKPAPER.NS,JK Paper Ltd.,Forest Materials,336.9,1.46,185147,328111,0.5643,16,2026-03-20
594,BANCOINDIA.NS,Banco Products (India) Ltd.,Automobile and Auto Components,553.7,0.61,135580,240657,0.5634,16,2026-03-20
595,GRAPHITE.NS,Graphite India Ltd.,Capital Goods,607.1,1.23,745529,1328461,0.5612,16,2026-03-20
596,DYNAMATECH.NS,Dynamatic Technologies Ltd.,Capital Goods,9701.0,2.15,16024,28637,0.5596,16,2026-03-20
597,CEIGALL.NS,Ceigall India Ltd.,Construction,270.5,-0.44,138137,247166,0.5589,16,2026-03-20
598,CHAMBLFERT.NS,Chambal Fertilizers & Chemicals Ltd.,Chemicals,428.55,0.4,501654,899245,0.5579,16,2026-03-20
599,FIEMIND.NS,Fiem Industries Ltd,Automobile and Auto Components,2026.8,1.26,38839,69896,0.5557,16,2026-03-20
600,KAJARIACER.NS,Kajaria Ceramics Ltd.,Consumer Durables,951.35,3.26,200700,362291,0.554,16,2026-03-20
601,COHANCE.NS,Cohance Lifesciences Ltd.,Healthcare,299.25,0.0,514988,946383,0.5442,16,2026-03-20
602,CESC.NS,CESC Ltd.,Power,152.74,-0.83,1713204,3150793,0.5437,16,2026-03-20
603,ECLERX.NS,eClerx Services Ltd.,Services,1469.0,0.84,157266,289804,0.5427,16,2026-03-20
604,ABBOTINDIA.NS,Abbott India Ltd.,Healthcare,26715.0,0.75,5188,9567,0.5423,16,2026-03-20
605,360ONE.NS,360 ONE WAM Ltd.,Financial Services,1040.6,0.01,413078,762145,0.542,16,2026-03-20
606,ANURAS.NS,Anupam Rasayan India Ltd.,Chemicals,1252.5,0.72,180870,333977,0.5416,16,2026-03-20
607,EASEMYTRIP.NS,Easy Trip Planners Ltd.,Consumer Services,6.85,-0.44,11749042,21767124,0.5398,16,2026-03-20
608,BECTORFOOD.NS,Mrs. Bectors Food Specialities Ltd.,Fast Moving Consumer Goods,182.84,0.03,347854,645505,0.5389,16,2026-03-20
609,RBA.NS,Restaurant Brands Asia Ltd.,Consumer Services,61.13,-0.02,1432798,2674952,0.5356,16,2026-03-20
610,AJAXENGG.NS,Ajax Engineering Ltd.,Capital Goods,471.0,-2.5,58122,108614,0.5351,16,2026-03-20
611,RAIN.NS,Rain Industries Ltd,Chemicals,108.91,1.03,2242855,4220565,0.5314,16,2026-03-20
612,INNOVACAP.NS,Innova Captab Ltd.,Healthcare,679.6,0.15,14389,27127,0.5304,16,2026-03-20
613,JMFINANCIL.NS,JM Financial Ltd.,Financial Services,123.16,0.56,1800489,3398656,0.5298,16,2026-03-20
614,SUBROS.NS,Subros Ltd.,Capital Goods,676.55,0.42,30336,57523,0.5274,16,2026-03-20
615,GARFIBRES.NS,Garware Technical Fibres Ltd.,Textiles,611.7,-0.03,38617,73533,0.5252,16,2026-03-20
616,INDIACEM.NS,India Cements Ltd.,Construction Materials,359.85,1.15,114852,220023,0.522,16,2026-03-20
617,KEC.NS,Kec International Ltd.,Construction,546.1,-2.35,506787,975609,0.5195,16,2026-03-20
618,OIL.NS,Oil India Ltd.,Oil Gas & Consumable Fuels,475.5,-0.32,4106460,7917021,0.5187,16,2026-03-20
619,RITES.NS,RITES Ltd.,Construction,191.56,0.47,321658,624907,0.5147,16,2026-03-20
620,LXCHEM.NS,Laxmi Organic Industries Ltd.,Chemicals,120.16,1.14,538123,1047134,0.5139,16,2026-03-20
621,NUVAMA.NS,Nuvama Wealth Management Ltd.,Financial Services,1147.5,-0.3,178025,346426,0.5139,16,2026-03-20
622,TIPSMUSIC.NS,Tips Music Ltd.,Media Entertainment & Publication,515.55,0.62,63367,123590,0.5127,16,2026-03-20
623,IIFLCAPS.NS,IIFL Capital Services Ltd.,Financial Services,269.8,-0.42,523044,1023650,0.511,16,2026-03-20
624,IMFA.NS,Indian Metals & Ferro Alloys Ltd.,Metals & Mining,1235.3,1.2,50877,99886,0.5094,16,2026-03-20
625,DIACABS.NS,Diamond Power Infrastructure Ltd.,Capital Goods,127.15,2.71,842136,1658571,0.5077,16,2026-03-20
626,MANAPPURAM.NS,Manappuram Finance Ltd.,Financial Services,259.25,-1.86,3301085,6514958,0.5067,16,2026-03-20
627,JUSTDIAL.NS,Justdial Ltd.,Consumer Services,520.4,0.76,146242,289444,0.5053,16,2026-03-20
628,LEMONTREE.NS,Lemon Tree Hotels Ltd.,Consumer Services,105.66,-0.74,2373085,4711782,0.5036,16,2026-03-20
629,ANUP.NS,The Anup Engineering Ltd.,Capital Goods,1588.2,-2.72,36828,73165,0.5034,16,2026-03-20
630,POWERMECH.NS,Power Mech Projects Ltd.,Construction,1994.0,1.46,54126,107902,0.5016,16,2026-03-20
631,SARDAEN.NS,Sarda Energy and Minerals Ltd.,Metals & Mining,508.75,-0.18,462140,927830,0.4981,16,2026-03-20
632,ZENTEC.NS,Zen Technologies Ltd.,Capital Goods,1413.9,-0.23,370075,746400,0.4958,16,2026-03-20
633,MAHSEAMLES.NS,Maharashtra Seamless Ltd.,Capital Goods,564.75,1.9,126663,256063,0.4947,16,2026-03-20
634,BIRLACORPN.NS,Birla Corporation Ltd.,Construction Materials,815.1,0.05,83465,170443,0.4897,16,2026-03-20
635,SCI.NS,Shipping Corporation of India Ltd.,Services,233.35,1.41,2063216,4224874,0.4883,16,2026-03-20
636,BAJAJELEC.NS,Bajaj Electricals Ltd,Consumer Durables,353.65,4.77,314106,645853,0.4863,16,2026-03-20
637,VOLTAMP.NS,Voltamp Transformers Ltd,Capital Goods,8604.5,2.29,21269,43919,0.4843,16,2026-03-20
638,BDL.NS,Bharat Dynamics Ltd.,Capital Goods,1249.9,-0.63,865784,1788565,0.4841,16,2026-03-20
639,APOLLOTYRE.NS,Apollo Tyres Ltd.,Automobile and Auto Components,420.85,0.33,635724,1321995,0.4809,16,2026-03-20
640,CEATLTD.NS,Ceat Ltd.,Automobile and Auto Components,3537.5,1.63,87882,182934,0.4804,16,2026-03-20
641,HFCL.NS,HFCL Ltd.,Telecommunication,71.16,0.68,11233604,23404460,0.48,16,2026-03-20
642,TBOTEK.NS,TBO Tek Ltd.,Consumer Services,1068.1,-3.83,64469,134370,0.4798,16,2026-03-20
643,DHANUKA.NS,Dhanuka Agritech Ltd.,Chemicals,962.1,-1.0,30499,63580,0.4797,16,2026-03-20
644,TSFINV.NS,TSF Investments Ltd.,Financial Services,366.6,1.65,59500,124323,0.4786,16,2026-03-20
645,SANOFI.NS,Sanofi India Ltd.,Healthcare,3386.1,-0.65,12565,26424,0.4755,16,2026-03-20
646,J&KBANK.NS,Jammu & Kashmir Bank Ltd.,Financial Services,118.82,0.2,5729608,12059863,0.4751,16,2026-03-20
647,AMBER.NS,Amber Enterprises India Ltd.,Consumer Durables,6654.5,-0.34,171132,362048,0.4727,16,2026-03-20
648,DALBHARAT.NS,Dalmia Bharat Ltd.,Construction Materials,1841.0,0.5,124129,263734,0.4707,16,2026-03-20
649,AGARWALEYE.NS,Dr. Agarwal's Health Care Ltd.,Healthcare,424.35,0.2,87632,186319,0.4703,16,2026-03-20
650,ASTRAL.NS,Astral Ltd.,Capital Goods,1631.8,-0.52,388331,826730,0.4697,16,2026-03-20
651,ORCHPHARMA.NS,Orchid Pharma Ltd.,Healthcare,532.55,3.21,68885,146746,0.4694,16,2026-03-20
652,INDGN.NS,Indegene Ltd.,Healthcare,440.65,-1.12,196970,420724,0.4682,16,2026-03-20
653,WELCORP.NS,Welspun Corp Ltd.,Capital Goods,803.85,1.11,262170,560239,0.468,16,2026-03-20
654,SHAKTIPUMP.NS,Shakti Pumps (India) Ltd.,Capital Goods,496.45,0.81,952060,2034623,0.4679,16,2026-03-20
655,AEGISLOG.NS,Aegis Logistics Ltd.,Oil Gas & Consumable Fuels,611.7,0.72,446433,956968,0.4665,16,2026-03-20
656,CUB.NS,City Union Bank Ltd.,Financial Services,241.35,-1.15,1265582,2734154,0.4629,16,2026-03-20
657,EMUDHRA.NS,eMudhra Ltd.,Information Technology,395.45,-2.47,109350,237304,0.4608,16,2026-03-20
658,BALUFORGE.NS,Balu Forge Industries Ltd.,Capital Goods,437.75,0.0,380322,839240,0.4532,16,2026-03-20
659,SAILIFE.NS,Sai Life Sciences Ltd.,Healthcare,1000.05,-0.87,363326,802892,0.4525,16,2026-03-20
660,MAZDOCK.NS,Mazagoan Dock Shipbuilders Ltd.,Capital Goods,2324.1,-1.58,1409370,3128818,0.4504,16,2026-03-20
661,RRKABEL.NS,R R Kabel Ltd.,Capital Goods,1391.4,-0.33,143841,319335,0.4504,16,2026-03-20
662,PRSMJOHNSN.NS,Prism Johnson Ltd.,Construction Materials,125.03,0.0,89281,199416,0.4477,16,2026-03-20
663,KIRLPNU.NS,Kirloskar Pneumatic Company Ltd.,Capital Goods,1050.7,-0.71,29894,67285,0.4443,16,2026-03-20
664,JKTYRE.NS,JK Tyre & Industries Ltd.,Automobile and Auto Components,417.25,1.09,818278,1847543,0.4429,16,2026-03-20
665,MTARTECH.NS,MTAR Technologies Ltd.,Capital Goods,3525.3,0.94,183750,415605,0.4421,16,2026-03-20
666,HEG.NS,H.E.G. Ltd.,Capital Goods,498.15,1.9,472019,1074179,0.4394,16,2026-03-20
667,GODFRYPHLP.NS,Godfrey Phillips India Ltd.,Fast Moving Consumer Goods,1991.5,-0.23,226742,517081,0.4385,16,2026-03-20
668,KITEX.NS,Kitex Garments Ltd.,Textiles,159.4,-0.1,367306,838180,0.4382,16,2026-03-20
669,RATNAMANI.NS,Ratnamani Metals & Tubes Ltd.,Capital Goods,2310.8,-1.53,16530,37844,0.4368,16,2026-03-20
670,GSPL.NS,Gujarat State Petronet Ltd.,Oil Gas & Consumable Fuels,254.75,-0.78,608839,1395900,0.4362,16,2026-03-20
671,SHAREINDIA.NS,Share India Securities Ltd.,Financial Services,125.04,2.07,743207,1705584,0.4357,16,2026-03-20
672,SCHNEIDER.NS,Schneider Electric Infrastructure Ltd.,Capital Goods,890.0,-0.58,52381,120833,0.4335,16,2026-03-20
673,TATAINVEST.NS,Tata Investment Corporation Ltd.,Financial Services,602.6,-1.08,329062,765306,0.43,16,2026-03-20
674,DOMS.NS,DOMS Industries Ltd.,Fast Moving Consumer Goods,2278.8,4.77,233219,543930,0.4288,16,2026-03-20
675,KEI.NS,KEI Industries Ltd.,Capital Goods,4188.0,-0.59,241373,566924,0.4258,16,2026-03-20
676,LUMAXTECH.NS,Lumax Auto Technologies Ltd.,Automobile and Auto Components,1568.0,-0.46,134099,317536,0.4223,16,2026-03-20
677,IONEXCHANG.NS,Ion Exchange (India) Ltd.,Utilities,338.05,-1.14,169753,402223,0.422,16,2026-03-20
678,DATAMATICS.NS,Datamatics Global Services Ltd.,Information Technology,686.35,0.76,44484,105588,0.4213,16,2026-03-20
679,RHIM.NS,RHI MAGNESITA INDIA LTD.,Capital Goods,370.35,1.15,107864,256153,0.4211,16,2026-03-20
680,IRCTC.NS,Indian Railway Catering And Tourism Corporation Ltd.,Consumer Services,522.85,-0.57,1740070,4136261,0.4207,16,2026-03-20
681,PRAJIND.NS,Praj Industries Ltd.,Capital Goods,315.15,1.58,2020019,4827538,0.4184,16,2026-03-20
682,CAMS.NS,Computer Age Management Services Ltd.,Financial Services,640.7,0.13,830229,1992988,0.4166,16,2026-03-20
683,GRSE.NS,Garden Reach Shipbuilders & Engineers Ltd.,Capital Goods,2280.8,-0.65,489233,1187434,0.412,16,2026-03-20
684,SFL.NS,Sheela Foam Ltd.,Consumer Durables,516.0,-0.77,48799,118467,0.4119,16,2026-03-20
685,AIIL.NS,Authum Investment & Infrastructure Ltd.,Financial Services,492.2,2.41,538874,1316844,0.4092,16,2026-03-20
686,LTTS.NS,L&T Technology Services Ltd.,Information Technology,3229.1,-2.55,159292,390939,0.4075,16,2026-03-20
687,HERITGFOOD.NS,Heritage Foods Ltd.,Fast Moving Consumer Goods,309.45,-0.63,170467,423884,0.4022,16,2026-03-20
688,SPARC.NS,Sun Pharma Advanced Research Company Ltd.,Healthcare,115.42,0.19,422784,1051410,0.4021,16,2026-03-20
689,ASAHIINDIA.NS,Asahi India Glass Ltd.,Automobile and Auto Components,810.45,-3.68,349611,871139,0.4013,16,2026-03-20
690,JSFB.NS,Jana Small Finance Bank Ltd.,Financial Services,349.25,0.6,183529,460535,0.3985,16,2026-03-20
691,DATAPATTNS.NS,Data Patterns (India) Ltd.,Capital Goods,3230.8,-0.79,569222,1428701,0.3984,16,2026-03-20
692,ARVIND.NS,Arvind Ltd.,Textiles,359.25,0.67,173414,435932,0.3978,16,2026-03-20
693,ASTRAMICRO.NS,Astra Microwave Products Ltd.,Capital Goods,890.8,-1.96,202120,511527,0.3951,16,2026-03-20
694,AGI.NS,AGI Greenpac Ltd.,Capital Goods,499.1,-0.55,104175,265183,0.3928,16,2026-03-20
695,ISGEC.NS,Isgec Heavy Engineering Ltd.,Construction,888.15,-0.04,37128,95462,0.3889,16,2026-03-20
696,SONATSOFTW.NS,Sonata Software Ltd.,Information Technology,236.75,2.09,414537,1078698,0.3843,16,2026-03-20
697,GUJGASLTD.NS,Gujarat Gas Ltd.,Oil Gas & Consumable Fuels,354.6,0.08,1323027,3452399,0.3832,16,2026-03-20
698,MAHSCOOTER.NS,Maharashtra Scooters Ltd.,Financial Services,12441.0,-0.33,1926,5054,0.3811,16,2026-03-20
699,AEGISVOPAK.NS,Aegis Vopak Terminals Ltd.,Oil Gas & Consumable Fuels,178.54,1.31,352156,927836,0.3795,16,2026-03-20
700,HCG.NS,Healthcare Global Enterprises Ltd.,Healthcare,544.25,-0.39,73752,195116,0.378,16,2026-03-20
701,ABCAPITAL.NS,Aditya Birla Capital Ltd.,Financial Services,311.25,-0.34,3909838,10689309,0.3658,16,2026-03-20
702,NEOGEN.NS,NEOGEN CHEMICALS LTD.,Chemicals,1336.4,-1.28,41190,113860,0.3618,16,2026-03-20
703,NUVOCO.NS,Nuvoco Vistas Corporation Ltd.,Construction Materials,286.2,0.49,164410,465290,0.3533,16,2026-03-20
704,EPL.NS,EPL Ltd.,Capital Goods,190.68,1.21,199263,565568,0.3523,16,2026-03-20
705,IRCON.NS,IRCON International Ltd.,Construction,123.68,-0.4,2683581,7619768,0.3522,16,2026-03-20
706,VESUVIUS.NS,Vesuvius India Ltd.,Capital Goods,478.35,0.35,63187,179511,0.352,16,2026-03-20
707,PRINCEPIPE.NS,Prince Pipes and Fittings Ltd.,Capital Goods,238.85,-0.17,92020,262049,0.3512,16,2026-03-20
708,CONCORDBIO.NS,Concord Biotech Ltd.,Healthcare,1092.3,-0.79,174098,501313,0.3473,16,2026-03-20
709,HGINFRA.NS,H.G. Infra Engineering Ltd.,Construction,489.9,1.43,231471,672073,0.3444,16,2026-03-20
710,JINDWORLD.NS,Jindal Worldwide Ltd.,Textiles,21.32,1.81,324479,951567,0.341,16,2026-03-20
711,NEWGEN.NS,Newgen Software Technologies Ltd.,Information Technology,440.6,0.16,953676,2865264,0.3328,16,2026-03-20
712,TIMKEN.NS,Timken India Ltd.,Capital Goods,3163.3,-0.89,28539,86098,0.3315,16,2026-03-20
713,EUREKAFORB.NS,Eureka Forbes Ltd.,Consumer Durables,462.5,1.26,102151,319405,0.3198,16,2026-03-20
714,PURVA.NS,Puravankara Ltd.,Realty,180.04,-0.91,146130,458063,0.319,16,2026-03-20
715,PFIZER.NS,Pfizer Ltd.,Healthcare,4773.5,1.04,6676,20947,0.3187,16,2026-03-20
716,STYRENIX.NS,Styrenix Performance Materials Ltd.,Chemicals,1969.7,0.81,17445,55657,0.3134,16,2026-03-20
717,ROUTE.NS,Route Mobile Ltd.,Telecommunication,468.0,-1.89,258049,853905,0.3022,16,2026-03-20
718,POLYPLEX.NS,Polyplex Corporation Ltd.,Capital Goods,852.55,-0.1,77471,259695,0.2983,16,2026-03-20
719,EIEL.NS,Enviro Infra Engineers Ltd.,Utilities,147.86,1.36,951340,3369141,0.2824,16,2026-03-20
720,JYOTICNC.NS,Jyoti CNC Automation Ltd.,Capital Goods,739.95,-0.4,336750,1200662,0.2805,16,2026-03-20
721,CYIENTDLM.NS,Cyient DLM Ltd.,Capital Goods,303.8,1.74,996356,3633735,0.2742,16,2026-03-20
722,IFCI.NS,IFCI Ltd.,Financial Services,53.99,-0.39,7616054,28075597,0.2713,16,2026-03-20
723,NETWEB.NS,Netweb Technologies India Ltd.,Information Technology,3284.4,1.05,715614,2656997,0.2693,16,2026-03-20
724,GANECOS.NS,Ganesha Ecosphere Ltd.,Textiles,805.2,-1.8,136222,516317,0.2638,16,2026-03-20
725,PRUDENT.NS,Prudent Corporate Advisory Services Ltd.,Financial Services,2236.6,-1.57,10293,39680,0.2594,16,2026-03-20
726,HOMEFIRST.NS,Home First Finance Company India Ltd.,Financial Services,936.0,-2.46,263233,1019677,0.2582,16,2026-03-20
727,KSB.NS,KSB Ltd.,Capital Goods,782.3,-2.19,388129,1561972,0.2485,16,2026-03-20
728,REDINGTON.NS,Redington Ltd.,Services,217.35,-0.93,3950377,16189565,0.244,16,2026-03-20
729,PRIVISCL.NS,Privi Speciality Chemicals Ltd.,Chemicals,2927.3,0.05,19586,80764,0.2425,16,2026-03-20
730,KPIGREEN.NS,KPI Green Energy Ltd.,Power,378.0,1.03,661990,2782458,0.2379,16,2026-03-20
731,KPRMILL.NS,K.P.R. Mill Ltd.,Textiles,823.1,-1.36,181334,767463,0.2363,16,2026-03-20
732,EIHOTEL.NS,EIH Ltd.,Consumer Services,309.5,-1.5,192078,832901,0.2306,16,2026-03-20
733,NFL.NS,National Fertilizers Ltd.,Chemicals,69.39,1.83,1189586,5225476,0.2277,16,2026-03-20
734,CGCL.NS,Capri Global Capital Ltd.,Financial Services,170.08,1.0,551185,2466408,0.2235,16,2026-03-20
735,RELIGARE.NS,Religare Enterprises Ltd.,Financial Services,215.94,-2.91,375430,1865255,0.2013,16,2026-03-20
736,JINDALSAW.NS,Jindal Saw Ltd.,Capital Goods,194.13,2.52,3392548,17446532,0.1945,16,2026-03-20
737,ITI.NS,ITI Ltd.,Telecommunication,270.6,-1.44,2147397,11264419,0.1906,16,2026-03-20
738,NIVABUPA.NS,Niva Bupa Health Insurance Company Ltd.,Financial Services,70.0,0.14,489121,2628217,0.1861,16,2026-03-20
739,KIRLOSBROS.NS,Kirloskar Brothers Ltd.,Capital Goods,1561.4,0.88,46900,283940,0.1652,16,2026-03-20
740,ABSLAMC.NS,Aditya Birla Sun Life AMC Ltd.,Financial Services,944.65,1.2,157330,974705,0.1614,16,2026-03-20
741,EMCURE.NS,Emcure Pharmaceuticals Ltd.,Healthcare,1478.2,0.5,64690,407160,0.1589,16,2026-03-20
742,RCF.NS,Rashtriya Chemicals & Fertilizers Ltd.,Chemicals,116.61,0.78,1291051,8573043,0.1506,16,2026-03-20
743,JWL.NS,Jupiter Wagons Ltd.,Capital Goods,262.6,0.19,1412809,10468661,0.135,16,2026-03-20
744,VMM.NS,Vishal Mega Mart Ltd.,Consumer Services,102.3,-0.72,9665825,71583556,0.135,16,2026-03-20
745,ZYDUSWELL.NS,Zydus Wellness Ltd.,Fast Moving Consumer Goods,424.65,2.45,620030,5213109,0.1189,16,2026-03-20
746,FACT.NS,Fertilisers and Chemicals Travancore Ltd.,Chemicals,791.45,0.44,388774,3526963,0.1102,16,2026-03-20
747,PARAS.NS,Paras Defence and Space Technologies Ltd.,Capital Goods,627.2,-0.5,439389,4606840,0.0954,16,2026-03-20
748,TEJASNET.NS,Tejas Networks Ltd.,Telecommunication,435.95,0.84,3699413,43870735,0.0843,16,2026-03-20
749,LTFOODS.NS,LT Foods Ltd.,Fast Moving Consumer Goods,378.45,-1.24,399854,8672034,0.0461,16,2026-03-20
750,SANOFICONR.NS,Sanofi Consumer Healthcare India Ltd.,Healthcare,4252.0,0.81,4526,107083,0.0423,16,2026-03-20
