Symbol,Company Name,Sector
360ONE.NS,360 ONE WAM Ltd,Finance
3MINDIA.NS,3M India Ltd,Capital Goods
ABB.NS,ABB India Ltd,Capital Goods
ACC.NS,ACC Ltd,Cement
ACMESOLAR.NS,Acme Solar Holdings Ltd,Energy
AGI.NS,AGI Infra Ltd,Real Estate
AIAENG.NS,AIA Engineering Ltd,Capital Goods
APLAPOLLO.NS,APL Apollo Tubes Ltd,Metals
ASKAUTOLTD.NS,ASK Automotive Ltd,Auto Ancillary
AUBANK.NS,AU Small Finance Bank Ltd,Banking
AWL.NS,Adani Wilmar Ltd,FMCG
AADHARHFC.NS,Aadhar Housing Finance Ltd,Finance
AARTIDRUGS.NS,Aarti Drugs Ltd,Pharma
AARTIIND.NS,Aarti Industries Ltd,Chemicals
AARTIPHARM.NS,Aarti Pharmalabs Ltd,Pharma
AAVAS.NS,Aavas Financiers Ltd,Finance
ABBOTINDIA.NS,Abbott India Ltd,Pharma
ACE.NS,Action Construction Equipment Ltd,Capital Goods
ACUTAAS.NS,Acuitas Digital Solutions Ltd,Technology
ADANIENSOL.NS,Adani Energy Solutions Ltd,Energy
ADANIENT.NS,Adani Enterprises Ltd,Conglomerate
ADANIGREEN.NS,Adani Green Energy Ltd,Energy
ADANIPORTS.NS,Adani Ports and SEZ Ltd,Infrastructure
ADANIPOWER.NS,Adani Power Ltd,Energy
ATGL.NS,Adani Total Gas Ltd,Energy
ABCAPITAL.NS,Aditya Birla Capital Ltd,Finance
ABFRL.NS,Aditya Birla Fashion and Retail Ltd,Retail
ABLBL.NS,ABL Bio Ltd,Pharma
ABREL.NS,Aditya Birla Real Estate Ltd,Real Estate
ABSLAMC.NS,Aditya Birla Sun Life AMC Ltd,Finance
ADVENZYMES.NS,Advanced Enzyme Technologies Ltd,Pharma
AEGISLOG.NS,Aegis Logistics Ltd,Energy
AEGISVOPAK.NS,Aegis Vopak Terminals Ltd,Energy
AETHER.NS,Aether Industries Ltd,Chemicals
AFCONS.NS,Afcons Infrastructure Ltd,Infrastructure
AFFLE.NS,Affle India Ltd,Technology
AHLUCONT.NS,Ahluwalia Contracts India Ltd,Infrastructure
AJANTPHARM.NS,Ajanta Pharma Ltd,Pharma
AJAXENGG.NS,Ajax Engineering Ltd,Capital Goods
AKUMS.NS,Akums Drugs and Pharmaceuticals Ltd,Pharma
AKZOINDIA.NS,Akzo Nobel India Ltd,Chemicals
APLLTD.NS,APL Ltd,Telecom
ALIVUS.NS,Alivus Life Sciences Ltd,Pharma
ALKEM.NS,Alkem Laboratories Ltd,Pharma
ALKYLAMINE.NS,Alkyl Amines Chemicals Ltd,Chemicals
ALLCARGO.NS,Allcargo Logistics Ltd,Logistics
ABDL.NS,Anmol Biscuits Ltd,FMCG
ALOKINDS.NS,Alok Industries Ltd,Textiles
ARE&M.NS,ARE&M,Other
AMBER.NS,Amber Enterprises India Ltd,Capital Goods
AMBUJACEM.NS,Ambuja Cements Ltd,Cement
ANANDRATHI.NS,Anand Rathi Wealth Ltd,Finance
ANANTRAJ.NS,Anant Raj Ltd,Real Estate
ANGELONE.NS,Angel One Ltd,Finance
ANURAS.NS,Anuras Foods Ltd,FMCG
APARINDS.NS,APAR Industries Ltd,Capital Goods
PARKHOTELS.NS,Apeejay Surrendra Park Hotels Ltd,Hospitality
APOLLOHOSP.NS,Apollo Hospitals Enterprise Ltd,Healthcare
APOLLOTYRE.NS,Apollo Tyres Ltd,Auto Ancillary
APTUS.NS,Aptus Value Housing Finance India Ltd,Finance
ACI.NS,Archean Chemical Industries Ltd,Chemicals
ARVINDFASN.NS,Arvind Fashions Ltd,Retail
ARVIND.NS,Arvind Ltd,Textiles
ASAHIINDIA.NS,Asahi India Glass Ltd,Capital Goods
ASHOKLEY.NS,Ashok Leyland Ltd,Automobile
ASHOKA.NS,Ashoka Buildcon Ltd,Infrastructure
ASIANPAINT.NS,Asian Paints Ltd,Chemicals
ASTERDM.NS,Aster DM Healthcare Ltd,Healthcare
ASTRAMICRO.NS,Astra Microwave Products Ltd,Defence
ASTRAZEN.NS,AstraZeneca Pharma India Ltd,Pharma
ASTRAL.NS,Astral Ltd,Capital Goods
ATHERENERG.NS,Athar Energy Ltd,Energy
ATUL.NS,Atul Ltd,Chemicals
AURIONPRO.NS,Aurionpro Solutions Ltd,Technology
AUROPHARMA.NS,Aurobindo Pharma Ltd,Pharma
AIIL.NS,Authum Investment and Infrastructure Ltd,Finance
AVALON.NS,Avalon Technologies Ltd,Technology
AVANTIFEED.NS,Avanti Feeds Ltd,FMCG
DMART.NS,Avenue Supermarts Ltd,Retail
CCAVENUE.NS,Infibeam Avenues Ltd,Technology
AWFIS.NS,Awfis Space Solutions Ltd,Real Estate
AXISBANK.NS,Axis Bank Ltd,Banking
AZAD.NS,Azad Engineering Ltd,Capital Goods
BASF.NS,BASF India Ltd,Chemicals
BEML.NS,BEML Ltd,Capital Goods
BLS.NS,BLS International Services Ltd,Technology
BSE.NS,BSE Ltd,Finance
BAJAJ-AUTO.NS,Bajaj Auto Ltd,Automobile
BAJAJELEC.NS,Bajaj Electricals Ltd,Capital Goods
BAJFINANCE.NS,Bajaj Finance Ltd,Finance
BAJAJFINSV.NS,Bajaj Finserv Ltd,Finance
BAJAJHLDNG.NS,BAJAJHLDNG,Other
BAJAJHFL.NS,BAJAJHFL,Other
BALAMINES.NS,BALAMINES,Other
BALKRISIND.NS,Balkrishna Industries Ltd,Auto Ancillary
BALRAMCHIN.NS,Balrampur Chini Mills Ltd,FMCG
BALUFORGE.NS,BALUFORGE,Other
BANCOINDIA.NS,BANCOINDIA,Other
BANDHANBNK.NS,Bandhan Bank Ltd,Banking
BANKBARODA.NS,Bank of Baroda,Banking
BANKINDIA.NS,Bank of India,Banking
MAHABANK.NS,Bank of Maharashtra,Banking
BATAINDIA.NS,Bata India Ltd,Retail
BAYERCROP.NS,Bayer CropScience Ltd,Agriculture
BELRISE.NS,Belrise Industries Ltd,Auto Ancillary
BERGEPAINT.NS,BERGEPAINT,Other
BBL.NS,BBL,Other
BDL.NS,Bharat Dynamics Ltd,Defence
BEL.NS,Bharat Electronics Ltd,Defence
BHARATFORG.NS,BHARATFORG,Other
BHEL.NS,Bharat Heavy Electricals Ltd,Capital Goods
BPCL.NS,Bharat Petroleum Corporation Ltd,Energy
BHARTIARTL.NS,Bharti Airtel Ltd,Telecom
BHARTIHEXA.NS,Bharti Hexacom Ltd,Telecom
BIKAJI.NS,Bikaji Foods International Ltd,FMCG
BIOCON.NS,Biocon Ltd,Pharma
BIRLACORPN.NS,Birla Corporation Ltd,Cement
BSOFT.NS,Birlasoft Ltd,Technology
BLACKBUCK.NS,Zinka Logistics Solutions Ltd,Technology
BLUEDART.NS,Blue Dart Express Ltd,Logistics
BLUEJET.NS,BLUEJET,Other
BLUESTARCO.NS,Blue Star Ltd,Capital Goods
BBTC.NS,BBTC,Other
BORORENEW.NS,BORORENEW,Other
BOSCH-HCIL.NS,BOSCH-HCIL,Other
BOSCHLTD.NS,Bosch Ltd,Auto Ancillary
FIRSTCRY.NS,Brainbees Solutions Ltd,Retail
BRIGADE.NS,Brigade Enterprises Ltd,Real Estate
BRITANNIA.NS,Britannia Industries Ltd,FMCG
MAPMYINDIA.NS,C E Info Systems Ltd,Technology
CCL.NS,CCL Products India Ltd,FMCG
CESC.NS,CESC Ltd,Energy
CGPOWER.NS,CGPOWER,Other
CIEINDIA.NS,CIEINDIA,Other
CMSINFO.NS,CMSINFO,Other
CRISIL.NS,CRISIL Ltd,Finance
CSBBANK.NS,CSBBANK,Other
CAMPUS.NS,Campus Activewear Ltd,Retail
CANFINHOME.NS,Can Fin Homes Ltd,Finance
CANBK.NS,CANBK,Other
CAPLIPOINT.NS,CAPLIPOINT,Other
CGCL.NS,CGCL,Other
CARBORUNIV.NS,CARBORUNIV,Other
CARTRADE.NS,CarTrade Tech Ltd,Technology
CASTROLIND.NS,Castrol India Ltd,Energy
CEATLTD.NS,CEAT Ltd,Auto Ancillary
CEIGALL.NS,CEIGALL,Other
CELLO.NS,CELLO,Other
CEMPRO.NS,CEMPRO,Other
CENTRALBK.NS,CENTRALBK,Other
CDSL.NS,Central Depository Services India Ltd,Finance
CENTURYPLY.NS,Century Plyboards India Ltd,Construction Materials
CERA.NS,CERA,Other
CHALET.NS,Chalet Hotels Ltd,Hospitality
CHAMBLFERT.NS,CHAMBLFERT,Other
CHENNPETRO.NS,CHENNPETRO,Other
CHOICEIN.NS,CHOICEIN,Other
CHOLAHLDNG.NS,CHOLAHLDNG,Other
CHOLAFIN.NS,Cholamandalam Investment and Finance Co,Finance
CIGNITITEC.NS,CIGNITITEC,Other
CIPLA.NS,Cipla Ltd,Pharma
CUB.NS,CUB,Other
CLEAN.NS,Clean Science and Technology Ltd,Chemicals
COALINDIA.NS,COALINDIA,Other
COCHINSHIP.NS,Cochin Shipyard Ltd,Defence
COFORGE.NS,Coforge Ltd,Technology
COHANCE.NS,COHANCE,Other
COLPAL.NS,Colgate-Palmolive India Ltd,FMCG
CAMS.NS,Computer Age Management Services Ltd,Finance
CONCORDBIO.NS,CONCORDBIO,Other
CONCOR.NS,Container Corporation of India Ltd,Infrastructure
COROMANDEL.NS,COROMANDEL,Other
CRAFTSMAN.NS,Craftsman Automation Ltd,Auto Ancillary
CREDITACC.NS,CreditAccess Grameen Ltd,Finance
CROMPTON.NS,CROMPTON,Other
CUMMINSIND.NS,Cummins India Ltd,Capital Goods
CYIENTDLM.NS,CYIENTDLM,Other
CYIENT.NS,Cyient Ltd,Technology
DCBBANK.NS,DCBBANK,Other
DCMSHRIRAM.NS,DCMSHRIRAM,Other
DLF.NS,DLF Ltd,Real Estate
DOMS.NS,DOMS,Other
DABUR.NS,Dabur India Ltd,FMCG
DALBHARAT.NS,DALBHARAT,Other
DATAPATTNS.NS,DATAPATTNS,Other
DATAMATICS.NS,Datamatics Global Services Ltd,Technology
DEEPAKFERT.NS,DEEPAKFERT,Other
DEEPAKNTR.NS,Deepak Nitrite Ltd,Chemicals
DELHIVERY.NS,Delhivery Ltd,Logistics
DEVYANI.NS,DEVYANI,Other
DHANUKA.NS,Dhanuka Agritech Ltd,Agriculture
DIACABS.NS,DIACABS,Other
DBL.NS,DBL,Other
DCAL.NS,DCAL,Other
DIVISLAB.NS,Divi's Laboratories Ltd,Pharma
DIXON.NS,Dixon Technologies India Ltd,Capital Goods
DODLA.NS,DODLA,Other
AGARWALEYE.NS,AGARWALEYE,Other
LALPATHLAB.NS,Dr Lal PathLabs Ltd,Healthcare
DRREDDY.NS,Dr Reddy's Laboratories Ltd,Pharma
DUMMYALCAR.NS,DUMMYALCAR,Other
DYNAMATECH.NS,DYNAMATECH,Other
EIDPARRY.NS,EIDPARRY,Other
EIHOTEL.NS,EIH Ltd,Hospitality
EPL.NS,EPL,Other
EASEMYTRIP.NS,EASEMYTRIP,Other
EDELWEISS.NS,EDELWEISS,Other
EICHERMOT.NS,Eicher Motors Ltd,Automobile
ELECON.NS,ELECON,Other
EMIL.NS,EMIL,Other
ELECTCAST.NS,ELECTCAST,Other
ELGIEQUIP.NS,ELGIEQUIP,Other
EMAMILTD.NS,Emami Ltd,FMCG
EMBDL.NS,Emb Decoration Ltd,Capital Goods
EMCURE.NS,EMCURE,Other
ENDURANCE.NS,Endurance Technologies Ltd,Auto Ancillary
ENGINERSIN.NS,ENGINERSIN,Other
ENTERO.NS,ENTERO,Other
EIEL.NS,EIEL,Other
EPIGRAL.NS,EPIGRAL,Other
EQUITASBNK.NS,Equitas Small Finance Bank Ltd,Banking
ERIS.NS,Eris Lifesciences Ltd,Pharma
ESCORTS.NS,Escorts Kubota Ltd,Automobile
ETERNAL.NS,ETERNAL,Other
ETHOSLTD.NS,ETHOSLTD,Other
EUREKAFORB.NS,EUREKAFORB,Other
EXIDEIND.NS,Exide Industries Ltd,Auto Ancillary
FDC.NS,FDC,Other
NYKAA.NS,FSN E-Commerce Ventures Ltd,Retail
FEDERALBNK.NS,Federal Bank Ltd,Banking
FACT.NS,FACT,Other
FIEMIND.NS,FIEMIND,Other
FINEORG.NS,Fine Organic Industries Ltd,Chemicals
FINCABLES.NS,FINCABLES,Other
FINPIPE.NS,FINPIPE,Other
FSL.NS,Firstsource Solutions Ltd,Technology
FIVESTAR.NS,FIVESTAR,Other
FORCEMOT.NS,FORCEMOT,Other
FORTIS.NS,Fortis Healthcare Ltd,Healthcare
GRINFRA.NS,GRINFRA,Other
GAIL.NS,GAIL India Ltd,Energy
GVT&D.NS,GVT&D,Other
GHCL.NS,GHCL,Other
GMMPFAUDLR.NS,GMMPFAUDLR,Other
GMRAIRPORT.NS,GMR Airports Infrastructure Ltd,Infrastructure
GMRP&UI.NS,GMRP&UI,Other
GABRIEL.NS,Gabriel India Ltd,Auto Ancillary
GALLANTT.NS,GALLANTT,Other
GANESHHOU.NS,GANESHHOU,Other
GANECOS.NS,GANECOS,Other
GRSE.NS,Garden Reach Shipbuilders and Engineers,Defence
GRWRHITECH.NS,GRWRHITECH,Other
GARFIBRES.NS,GARFIBRES,Other
GATEWAY.NS,GATEWAY,Other
GICRE.NS,GICRE,Other
GILLETTE.NS,GILLETTE,Other
GLAND.NS,Gland Pharma Ltd,Pharma
GLAXO.NS,GLAXO,Other
GLENMARK.NS,Glenmark Pharmaceuticals Ltd,Pharma
MEDANTA.NS,Global Health Ltd,Healthcare
GODIGIT.NS,Go Digit General Insurance Ltd,Insurance
GPIL.NS,GPIL,Other
GODFRYPHLP.NS,GODFRYPHLP,Other
GODREJAGRO.NS,GODREJAGRO,Other
GODREJCP.NS,Godrej Consumer Products Ltd,FMCG
GODREJIND.NS,Godrej Industries Ltd,Conglomerate
GODREJPROP.NS,Godrej Properties Ltd,Real Estate
GOKEX.NS,GOKEX,Other
GRANULES.NS,Granules India Ltd,Pharma
GRAPHITE.NS,GRAPHITE,Other
GRASIM.NS,GRASIM,Other
GRAVITA.NS,GRAVITA,Other
GESHIP.NS,GESHIP,Other
GREAVESCOT.NS,GREAVESCOT,Other
GREENPANEL.NS,Greenpanel Industries Ltd,Construction Materials
GAEL.NS,GAEL,Other
FLUOROCHEM.NS,Gujarat Fluorochemicals Ltd,Chemicals
GUJGASLTD.NS,Gujarat Gas Ltd,Energy
GMDCLTD.NS,Gujarat Mineral Development Corp Ltd,Metals
GNFC.NS,GNFC,Other
GPPL.NS,GPPL,Other
GSFC.NS,GSFC,Other
GSPL.NS,GSPL,Other
GULFOILLUB.NS,GULFOILLUB,Other
HEG.NS,HEG,Other
HGINFRA.NS,H G Infra Engineering Ltd,Infrastructure
HBLENGINE.NS,HBLENGINE,Other
HCLTECH.NS,HCL Technologies Ltd,Technology
HDFCAMC.NS,HDFC Asset Management Company Ltd,Finance
HDFCBANK.NS,HDFC Bank Ltd,Banking
HDFCLIFE.NS,HDFC Life Insurance Company Ltd,Insurance
HFCL.NS,HFCL,Other
HAPPSTMNDS.NS,Happiest Minds Technologies Ltd,Technology
HAVELLS.NS,Havells India Ltd,Capital Goods
HCG.NS,HCG,Other
HEMIPROP.NS,HEMIPROP,Other
HERITGFOOD.NS,HERITGFOOD,Other
HEROMOTOCO.NS,Hero MotoCorp Ltd,Automobile
HEXT.NS,HEXT,Other
HIKAL.NS,HIKAL,Other
HSCL.NS,HSCL,Other
HINDALCO.NS,Hindalco Industries Ltd,Metals
HAL.NS,Hindustan Aeronautics Ltd,Defence
HCC.NS,HCC,Other
HINDCOPPER.NS,HINDCOPPER,Other
HINDPETRO.NS,Hindustan Petroleum Corp Ltd,Energy
HINDUNILVR.NS,Hindustan Unilever Ltd,FMCG
HINDZINC.NS,Hindustan Zinc Ltd,Metals
POWERINDIA.NS,POWERINDIA,Other
HOMEFIRST.NS,Home First Finance Company India Ltd,Finance
HONASA.NS,HONASA,Other
HONAUT.NS,HONAUT,Other
HUDCO.NS,HUDCO,Other
HYUNDAI.NS,HYUNDAI,Other
ICICIBANK.NS,ICICI Bank Ltd,Banking
ICICIGI.NS,ICICI Lombard General Insurance Co Ltd,Insurance
ICICIPRULI.NS,ICICI Prudential Life Insurance Co Ltd,Insurance
IDBI.NS,IDBI,Other
IDFCFIRSTB.NS,IDFC First Bank Ltd,Banking
IFBIND.NS,IFBIND,Other
IFCI.NS,IFCI,Other
IIFLCAPS.NS,IIFLCAPS,Other
IIFL.NS,IIFL,Other
INOXINDIA.NS,Inox India Ltd,Capital Goods
IRB.NS,IRB,Other
IRCON.NS,Ircon International Ltd,Infrastructure
ITCHOTELS.NS,ITC Hotels Ltd,Hospitality
ITC.NS,ITC Ltd,FMCG
ITI.NS,ITI,Other
IMAGICAA.NS,IMAGICAA,Other
INDGN.NS,INDGN,Other
INDIACEM.NS,INDIACEM,Other
INDIAGLYCO.NS,INDIAGLYCO,Other
INDIASHLTR.NS,INDIASHLTR,Other
INDIAMART.NS,INDIAMART,Other
INDIANB.NS,INDIANB,Other
IEX.NS,IEX,Other
INDHOTEL.NS,Indian Hotels Company Ltd,Hospitality
IMFA.NS,IMFA,Other
IOC.NS,Indian Oil Corporation Ltd,Energy
IOB.NS,Indian Overseas Bank,Banking
IRCTC.NS,Indian Railway Catering and Tourism Corp,Infrastructure
IRFC.NS,Indian Railway Finance Corp Ltd,Finance
IREDA.NS,IREDA,Other
INDIGOPNTS.NS,INDIGOPNTS,Other
ICIL.NS,ICIL,Other
IGL.NS,Indraprastha Gas Ltd,Energy
INDUSTOWER.NS,Indus Towers Ltd,Telecom
INDUSINDBK.NS,IndusInd Bank Ltd,Banking
NAUKRI.NS,Info Edge India Ltd,Technology
INFY.NS,Infosys Ltd,Technology
INGERRAND.NS,INGERRAND,Other
INNOVACAP.NS,INNOVACAP,Other
INOXGREEN.NS,Inox Green Energy Services Ltd,Energy
INOXWIND.NS,Inox Wind Ltd,Energy
INTELLECT.NS,Intellect Design Arena Ltd,Technology
INDIGO.NS,INDIGO,Other
IGIL.NS,IGIL,Other
IKS.NS,IKS,Other
IONEXCHANG.NS,IONEXCHANG,Other
IPCALAB.NS,IPCA Laboratories Ltd,Pharma
ISGEC.NS,ISGEC,Other
JBCHEPHARM.NS,JBCHEPHARM,Other
JKCEMENT.NS,JK Cement Ltd,Cement
JKIL.NS,JKIL,Other
JBMA.NS,JBM Auto Ltd,Automobile
JKLAKSHMI.NS,JK Lakshmi Cement Ltd,Cement
JKPAPER.NS,JK Paper Ltd,Paper
JKTYRE.NS,JKTYRE,Other
JMFINANCIL.NS,JMFINANCIL,Other
JSWCEMENT.NS,JSWCEMENT,Other
JSWENERGY.NS,JSW Energy Ltd,Energy
JSWINFRA.NS,JSWINFRA,Other
JSWSTEEL.NS,JSW Steel Ltd,Metals
JAIBALAJI.NS,JAIBALAJI,Other
JISLJALEQS.NS,JISLJALEQS,Other
JPPOWER.NS,Jaiprakash Power Ventures Ltd,Energy
J&KBANK.NS,J&KBANK,Other
JAMNAAUTO.NS,JAMNAAUTO,Other
JSFB.NS,JSFB,Other
JINDALSAW.NS,JINDALSAW,Other
JSL.NS,JSL,Other
JINDALSTEL.NS,JINDALSTEL,Other
JINDWORLD.NS,JINDWORLD,Other
JIOFIN.NS,JIOFIN,Other
JUBLFOOD.NS,JUBLFOOD,Other
JUBLINGREA.NS,JUBLINGREA,Other
JUBLPHARMA.NS,JUBLPHARMA,Other
JWL.NS,JWL,Other
JUSTDIAL.NS,Just Dial Ltd,Technology
JYOTHYLAB.NS,Jyothy Labs Ltd,FMCG
JYOTICNC.NS,JYOTICNC,Other
KPRMILL.NS,KPRMILL,Other
KEI.NS,KEI Industries Ltd,Capital Goods
KNRCON.NS,KNRCON,Other
KPIGREEN.NS,KPIGREEN,Other
KPITTECH.NS,KPIT Technologies Ltd,Technology
KRBL.NS,KRBL,Other
KRN.NS,KRN,Other
KSB.NS,KSB,Other
KAJARIACER.NS,KAJARIACER,Other
KPIL.NS,KPIL,Other
KALYANKJIL.NS,KALYANKJIL,Other
KSL.NS,KSL,Other
KANSAINER.NS,KANSAINER,Other
KTKBANK.NS,KTKBANK,Other
KARURVYSYA.NS,Karur Vysya Bank Ltd,Banking
KSCL.NS,KSCL,Other
KAYNES.NS,KAYNES,Other
KEC.NS,KEC International Ltd,Capital Goods
KFINTECH.NS,KFin Technologies Ltd,Finance
KIRLOSBROS.NS,Kirloskar Brothers Ltd,Capital Goods
KIRLOSENG.NS,KIRLOSENG,Other
KIRLPNU.NS,KIRLPNU,Other
KITEX.NS,KITEX,Other
KOTAKBANK.NS,Kotak Mahindra Bank Ltd,Banking
KIMS.NS,KIMS,Other
LTF.NS,LTF,Other
LTTS.NS,LTTS,Other
LICHSGFIN.NS,LIC Housing Finance Ltd,Finance
LMW.NS,LMW,Other
LTFOODS.NS,LTFOODS,Other
LTM.NS,LTIMindtree Ltd,Technology
LT.NS,LT,Other
LATENTVIEW.NS,LATENTVIEW,Other
LAURUSLABS.NS,Laurus Labs Ltd,Pharma
LXCHEM.NS,LXCHEM,Other
IXIGO.NS,Le Travenues Technology Ltd,Technology
THELEELA.NS,THELEELA,Other
LEMONTREE.NS,LEMONTREE,Other
LICI.NS,LICI,Other
LINDEINDIA.NS,LINDEINDIA,Other
LLOYDSENGG.NS,LLOYDSENGG,Other
LLOYDSENT.NS,LLOYDSENT,Other
LLOYDSME.NS,LLOYDSME,Other
LODHA.NS,LODHA,Other
LUMAXTECH.NS,LUMAXTECH,Other
LUPIN.NS,Lupin Ltd,Pharma
LUXIND.NS,LUXIND,Other
MMTC.NS,MMTC,Other
MOIL.NS,MOIL Ltd,Metals
MRF.NS,MRF Ltd,Auto Ancillary
MSTCLTD.NS,MSTCLTD,Other
MTARTECH.NS,MTARTECH,Other
MGL.NS,Mahanagar Gas Ltd,Energy
MAHSCOOTER.NS,MAHSCOOTER,Other
MAHSEAMLES.NS,MAHSEAMLES,Other
M&MFIN.NS,Mahindra and Mahindra Financial Services,Finance
M&M.NS,Mahindra and Mahindra Ltd,Automobile
MAHLIFE.NS,Mahindra Lifespace Developers Ltd,Real Estate
MANINFRA.NS,MANINFRA,Other
MANAPPURAM.NS,Manappuram Finance Ltd,Finance
MRPL.NS,MRPL,Other
MANKIND.NS,MANKIND,Other
MANORAMA.NS,MANORAMA,Other
MARICO.NS,Marico Ltd,FMCG
MARKSANS.NS,MARKSANS,Other
MARUTI.NS,Maruti Suzuki India Ltd,Automobile
MASTEK.NS,Mastek Ltd,Technology
MAXESTATES.NS,MAXESTATES,Other
MFSL.NS,MFSL,Other
MAXHEALTH.NS,Max Healthcare Institute Ltd,Healthcare
MAZDOCK.NS,Mazagon Dock Shipbuilders Ltd,Defence
MEDPLUS.NS,MEDPLUS,Other
METROPOLIS.NS,Metropolis Healthcare Ltd,Healthcare
MINDACORP.NS,MINDACORP,Other
MIDHANI.NS,Mishra Dhatu Nigam Ltd,Defence
MSUMI.NS,MSUMI,Other
MOTILALOFS.NS,Motilal Oswal Financial Services Ltd,Finance
MPHASIS.NS,Mphasis Ltd,Technology
BECTORFOOD.NS,BECTORFOOD,Other
MCX.NS,Multi Commodity Exchange of India Ltd,Finance
MUTHOOTFIN.NS,Muthoot Finance Ltd,Finance
NATCOPHARM.NS,NATCO Pharma Ltd,Pharma
NBCC.NS,NBCC India Ltd,Infrastructure
NCC.NS,NCC Ltd,Infrastructure
NEOGEN.NS,NEOGEN,Other
NESCO.NS,NESCO,Other
NHPC.NS,NHPC Ltd,Energy
NLCINDIA.NS,NLCINDIA,Other
NMDC.NS,NMDC Ltd,Metals
NSLNISP.NS,NSLNISP,Other
NTPCGREEN.NS,NTPCGREEN,Other
NTPC.NS,NTPC Ltd,Energy
NH.NS,NH,Other
NATIONALUM.NS,NATIONALUM,Other
NFL.NS,NFL,Other
NAVA.NS,NAVA,Other
NAVINFLUOR.NS,Navin Fluorine International Ltd,Chemicals
NAZARA.NS,Nazara Technologies Ltd,Technology
NESTLEIND.NS,Nestle India Ltd,FMCG
NETWEB.NS,NETWEB,Other
NETWORK18.NS,NETWORK18,Other
NEULANDLAB.NS,NEULANDLAB,Other
NEWGEN.NS,Newgen Software Technologies Ltd,Technology
NAM-INDIA.NS,NAM-INDIA,Other
NIVABUPA.NS,NIVABUPA,Other
NUVAMA.NS,NUVAMA,Other
NUVOCO.NS,NUVOCO,Other
OBEROIRLTY.NS,Oberoi Realty Ltd,Real Estate
ONGC.NS,Oil and Natural Gas Corporation Ltd,Energy
OIL.NS,Oil India Ltd,Energy
OLAELEC.NS,OLAELEC,Other
OLECTRA.NS,Olectra Greentech Ltd,Automobile
PAYTM.NS,One 97 Communications Ltd,Technology
ONESOURCE.NS,OneSource Specialty Pharma Ltd,Pharma
OPTIEMUS.NS,OPTIEMUS,Other
OFSS.NS,OFSS,Other
ORCHPHARMA.NS,ORCHPHARMA,Other
ORIENTCEM.NS,Orient Cement Ltd,Cement
OSWALPUMPS.NS,OSWALPUMPS,Other
PNGJL.NS,PNGJL,Other
POLICYBZR.NS,PB Fintech Ltd,Technology
PCJEWELLER.NS,PCJEWELLER,Other
PCBL.NS,PCBL,Other
PGEL.NS,PGEL,Other
PIIND.NS,PIIND,Other
PNBHOUSING.NS,PNB Housing Finance Ltd,Finance
PNCINFRA.NS,PNC Infratech Ltd,Infrastructure
PTC.NS,PTC,Other
PTCIL.NS,PTCIL,Other
PVRINOX.NS,PVR INOX Ltd,Media
PAGEIND.NS,PAGEIND,Other
PARADEEP.NS,PARADEEP,Other
PARAS.NS,Paras Defence and Space Technologies Ltd,Defence
PATANJALI.NS,PATANJALI,Other
PATELENG.NS,PATELENG,Other
PGIL.NS,PGIL,Other
PERSISTENT.NS,Persistent Systems Ltd,Technology
PETRONET.NS,Petronet LNG Ltd,Energy
PFIZER.NS,Pfizer Ltd,Pharma
PHOENIXLTD.NS,The Phoenix Mills Ltd,Real Estate
PIDILITIND.NS,Pidilite Industries Ltd,Chemicals
PPLPHARMA.NS,PPLPHARMA,Other
POLYMED.NS,POLYMED,Other
POLYCAB.NS,Polycab India Ltd,Capital Goods
POLYPLEX.NS,POLYPLEX,Other
POONAWALLA.NS,POONAWALLA,Other
PFC.NS,PFC,Other
POWERGRID.NS,Power Grid Corporation of India Ltd,Energy
POWERMECH.NS,POWERMECH,Other
PRAJIND.NS,PRAJIND,Other
PREMIERENE.NS,PREMIERENE,Other
PRESTIGE.NS,Prestige Estates Projects Ltd,Real Estate
PRICOLLTD.NS,PRICOLLTD,Other
PRINCEPIPE.NS,PRINCEPIPE,Other
PRSMJOHNSN.NS,PRSMJOHNSN,Other
PRIVISCL.NS,PRIVISCL,Other
PGHH.NS,Procter and Gamble Hygiene and Health Care,FMCG
PRUDENT.NS,PRUDENT,Other
PNB.NS,Punjab National Bank,Banking
PURVA.NS,PURVA,Other
QUESS.NS,QUESS,Other
RRKABEL.NS,RRKABEL,Other
RBLBANK.NS,RBL Bank Ltd,Banking
RECLTD.NS,RECLTD,Other
RHIM.NS,RHIM,Other
RITES.NS,RITES,Other
RADICO.NS,Radico Khaitan Ltd,FMCG
RVNL.NS,Rail Vikas Nigam Ltd,Infrastructure
RAILTEL.NS,RAILTEL,Other
RAIN.NS,RAIN,Other
RAINBOW.NS,Rainbow Childrens Medicare Ltd,Healthcare
RALLIS.NS,Rallis India Ltd,Agriculture
RKFORGE.NS,RKFORGE,Other
RCF.NS,RCF,Other
RATEGAIN.NS,RateGain Travel Technologies Ltd,Technology
RATNAMANI.NS,Ratnamani Metals and Tubes Ltd,Metals
RTNINDIA.NS,RTNINDIA,Other
RTNPOWER.NS,RTNPOWER,Other
RAYMONDLSL.NS,Raymond Lifestyle Ltd,Textiles
REDINGTON.NS,REDINGTON,Other
REFEX.NS,REFEX,Other
RELAXO.NS,Relaxo Footwears Ltd,Retail
RELIANCE.NS,Reliance Industries Ltd,Energy
RELINFRA.NS,RELINFRA,Other
RPOWER.NS,RPOWER,Other
RELIGARE.NS,RELIGARE,Other
RBA.NS,RBA,Other
ROUTE.NS,Route Mobile Ltd,Technology
SBFC.NS,SBFC,Other
SBICARD.NS,SBI Cards and Payment Services Ltd,Finance
SBILIFE.NS,SBI Life Insurance Company Ltd,Insurance
SJVN.NS,SJVN Ltd,Energy
SKYGOLD.NS,SKYGOLD,Other
SRF.NS,SRF Ltd,Chemicals
SAFARI.NS,SAFARI,Other
SAGILITY.NS,Sagility India Ltd,Healthcare
SAILIFE.NS,SAILIFE,Other
SAMHI.NS,SAMHI,Other
SAMMAANCAP.NS,SAMMAANCAP,Other
MOTHERSON.NS,Samvardhana Motherson International Ltd,Auto Ancillary
SANDUMA.NS,SANDUMA,Other
SANOFICONR.NS,SANOFICONR,Other
SANOFI.NS,SANOFI,Other
SANSERA.NS,SANSERA,Other
SAPPHIRE.NS,SAPPHIRE,Other
SARDAEN.NS,SARDAEN,Other
SAREGAMA.NS,Saregama India Ltd,Media
SCHAEFFLER.NS,SCHAEFFLER,Other
SCHNEIDER.NS,SCHNEIDER,Other
SENCO.NS,SENCO,Other
SHAILY.NS,Shaily Engineering Plastics Ltd,Plastics
SHAKTIPUMP.NS,SHAKTIPUMP,Other
SHARDACROP.NS,SHARDACROP,Other
SHARDAMOTR.NS,SHARDAMOTR,Other
SHAREINDIA.NS,SHAREINDIA,Other
SFL.NS,SFL,Other
SHILPAMED.NS,SHILPAMED,Other
SCI.NS,SCI,Other
SHREECEM.NS,Shree Cement Ltd,Cement
RENUKA.NS,RENUKA,Other
SHRIRAMFIN.NS,Shriram Finance Ltd,Finance
SHRIPISTON.NS,Shriram Pistons and Rings Ltd,Auto Ancillary
SHYAMMETL.NS,SHYAMMETL,Other
ENRIN.NS,ENRIN,Other
SIEMENS.NS,Siemens Ltd,Capital Goods
SIGNATURE.NS,Signature Global India Ltd,Real Estate
SKIPPER.NS,SKIPPER,Other
SOBHA.NS,Sobha Ltd,Real Estate
SOLARINDS.NS,SOLARINDS,Other
SONACOMS.NS,SONACOMS,Other
SONATSOFTW.NS,SONATSOFTW,Other
SOUTHBANK.NS,South Indian Bank Ltd,Banking
STARCEMENT.NS,STARCEMENT,Other
STARHEALTH.NS,STARHEALTH,Other
SBIN.NS,State Bank of India,Banking
SAIL.NS,Steel Authority of India Ltd,Metals
SWSOLAR.NS,SWSOLAR,Other
STLTECH.NS,Sterlite Technologies Ltd,Telecom
STAR.NS,STAR,Other
STYRENIX.NS,STYRENIX,Other
SUBROS.NS,SUBROS,Other
SUDARSCHEM.NS,SUDARSCHEM,Other
SUMICHEM.NS,Sumitomo Chemical India Ltd,Agriculture
SPARC.NS,SPARC,Other
SUNPHARMA.NS,Sun Pharmaceutical Industries Ltd,Pharma
SUNTV.NS,Sun TV Network Ltd,Media
SUNDARMFIN.NS,Sundaram Finance Ltd,Finance
SUNDRMFAST.NS,Sundram Fasteners Ltd,Auto Ancillary
SUNFLAG.NS,SUNFLAG,Other
SUNTECK.NS,Sunteck Realty Ltd,Real Estate
SUPREMEIND.NS,SUPREMEIND,Other
SUPRIYA.NS,SUPRIYA,Other
SURYAROSNI.NS,SURYAROSNI,Other
SUZLON.NS,Suzlon Energy Ltd,Energy
SWANCORP.NS,SWANCORP,Other
SWIGGY.NS,Bundl Technologies Ltd,Technology
SYMPHONY.NS,SYMPHONY,Other
SYNGENE.NS,Syngene International Ltd,Pharma
SYRMA.NS,SYRMA,Other
TARC.NS,TARC,Other
TBOTEK.NS,TBOTEK,Other
TDPOWERSYS.NS,TDPOWERSYS,Other
TSFINV.NS,TSFINV,Other
TVSMOTOR.NS,TVS Motor Company Ltd,Automobile
TVSSCS.NS,TVSSCS,Other
TANLA.NS,Tanla Platforms Ltd,Technology
TATACHEM.NS,Tata Chemicals Ltd,Chemicals
TATACOMM.NS,Tata Communications Ltd,Telecom
TCS.NS,Tata Consultancy Services Ltd,Technology
TATACONSUM.NS,Tata Consumer Products Ltd,FMCG
TATAELXSI.NS,Tata Elxsi Ltd,Technology
TATAINVEST.NS,TATAINVEST,Other
TMPV.NS,TMPV,Other
TATAPOWER.NS,Tata Power Company Ltd,Energy
TATASTEEL.NS,Tata Steel Ltd,Metals
TATATECH.NS,TATATECH,Other
TTML.NS,Tata Teleservices Maharashtra Ltd,Telecom
TEAMLEASE.NS,TeamLease Services Ltd,Capital Goods
TECHM.NS,Tech Mahindra Ltd,Technology
TECHNOE.NS,TECHNOE,Other
TEGA.NS,Tega Industries Ltd,Capital Goods
TEJASNET.NS,TEJASNET,Other
TEXRAIL.NS,TEXRAIL,Other
THANGAMAYL.NS,THANGAMAYL,Other
ANUP.NS,ANUP,Other
NIACL.NS,NIACL,Other
RAMCOCEM.NS,The Ramco Cements Ltd,Cement
THERMAX.NS,Thermax Ltd,Capital Goods
THOMASCOOK.NS,Thomas Cook India Ltd,Hospitality
THYROCARE.NS,Thyrocare Technologies Ltd,Healthcare
TI.NS,TI,Other
TIMETECHNO.NS,TIMETECHNO,Other
TIMKEN.NS,TIMKEN,Other
TIPSMUSIC.NS,TIPSMUSIC,Other
TITAGARH.NS,TITAGARH,Other
TITAN.NS,TITAN,Other
TORNTPHARM.NS,Torrent Pharmaceuticals Ltd,Pharma
TORNTPOWER.NS,Torrent Power Ltd,Energy
TARIL.NS,TARIL,Other
TRANSRAILL.NS,TRANSRAILL,Other
TRENT.NS,Trent Ltd,Retail
TRIDENT.NS,TRIDENT,Other
TRIVENI.NS,TRIVENI,Other
TRITURBINE.NS,TRITURBINE,Other
TIINDIA.NS,TIINDIA,Other
UCOBANK.NS,UCO Bank,Banking
UNOMINDA.NS,UNOMINDA,Other
UPL.NS,UPL Ltd,Agriculture
UTIAMC.NS,UTIAMC,Other
UJJIVANSFB.NS,Ujjivan Small Finance Bank Ltd,Banking
ULTRACEMCO.NS,UltraTech Cement Ltd,Cement
UNIMECH.NS,UNIMECH,Other
UNIONBANK.NS,Union Bank of India,Banking
UBL.NS,United Breweries Ltd,FMCG
UNITDSPR.NS,UNITDSPR,Other
USHAMART.NS,USHAMART,Other
VGUARD.NS,VGUARD,Other
VMART.NS,V-Mart Retail Ltd,Retail
VIPIND.NS,VIPIND,Other
V2RETAIL.NS,V2RETAIL,Other
VSTIND.NS,VSTIND,Other
WABAG.NS,WABAG,Other
VAIBHAVGBL.NS,VAIBHAVGBL,Other
DBREALTY.NS,DBREALTY,Other
VTL.NS,VTL,Other
VARROC.NS,VARROC,Other
VBL.NS,Varun Beverages Ltd,FMCG
MANYAVAR.NS,MANYAVAR,Other
VEDL.NS,Vedanta Ltd,Metals
VENTIVE.NS,VENTIVE,Other
VESUVIUS.NS,VESUVIUS,Other
VIJAYA.NS,VIJAYA,Other
VINATIORGA.NS,VINATIORGA,Other
VMM.NS,VMM,Other
VIYASH.NS,VIYASH,Other
IDEA.NS,IDEA,Other
VOLTAMP.NS,VOLTAMP,Other
VOLTAS.NS,Voltas Ltd,Capital Goods
WAAREEENER.NS,WAAREEENER,Other
WAAREERTL.NS,WAAREERTL,Other
WEBELSOLAR.NS,Webel Solar Ltd,Energy
WELCORP.NS,Welspun Corp Ltd,Metals
WELENT.NS,WELENT,Other
WELSPUNLIV.NS,Welspun Living Ltd,Textiles
WESTLIFE.NS,WESTLIFE,Other
WHIRLPOOL.NS,Whirlpool of India Ltd,Capital Goods
WIPRO.NS,Wipro Ltd,Technology
WOCKPHARMA.NS,WOCKPHARMA,Other
YATHARTH.NS,YATHARTH,Other
YESBANK.NS,YESBANK,Other
ZFCVINDIA.NS,ZF Commercial Vehicle Control Systems India,Auto Ancillary
ZAGGLE.NS,ZAGGLE,Other
ZEEL.NS,Zee Entertainment Enterprises Ltd,Media
ZENTEC.NS,ZENTEC,Other
ZENSARTECH.NS,ZENSARTECH,Other
ZYDUSLIFE.NS,ZYDUSLIFE,Other
ZYDUSWELL.NS,Zydus Wellness Ltd,FMCG
ECLERX.NS,eClerx Services Ltd,Technology
EMUDHRA.NS,eMudhra Ltd,Technology
